Ngày,Lần cuối,Mở,Cao,Thấp,KL,% Thay đổi
21/12/2022,"16,856.00","16,925.00","16,934.00","16,794.00",0.95K,-0.41%
20/12/2022,"16,925.00","16,448.00","17,057.00","16,413.00",1.46K,2.90%
19/12/2022,"16,448.00","16,757.00","16,825.00","16,320.00",2.04K,-1.84%
18/12/2022,"16,757.00","16,793.00","16,851.00","16,680.00",0.61K,-0.21%
17/12/2022,"16,793.00","16,642.00","16,811.00","16,609.00",1.23K,0.91%
16/12/2022,"16,642.00","17,372.00","17,543.00","16,554.00",3.01K,-4.20%
15/12/2022,"17,372.00","17,810.00","17,867.00","17,311.00",1.92K,-2.46%
14/12/2022,"17,810.00","17,785.00","18,373.00","17,688.00",3.08K,0.14%
13/12/2022,"17,785.00","17,228.00","17,981.00","17,107.00",5.96K,3.23%
12/12/2022,"17,228.00","17,109.00","17,258.00","16,899.00",2.47K,0.70%
12/11/2022,"17,109.00","17,132.00","17,294.00","17,095.00",2.07K,-0.13%
12/10/2022,"17,132.00","17,135.00","17,232.00","17,109.00",0.37K,-0.02%
12/09/2022,"17,135.00","17,246.00","17,326.00","17,090.00",1.42K,-0.64%
12/08/2022,"17,246.00","16,844.00","17,321.00","16,759.00",1.76K,2.39%
12/07/2022,"16,844.00","17,096.00","17,137.00","16,720.00",1.07K,-1.47%
12/06/2022,"17,096.00","16,974.00","17,109.00","16,917.00",0.77K,0.72%
12/05/2022,"16,974.00","17,128.00","17,420.00","16,886.00",1.46K,-0.90%
12/04/2022,"17,128.00","16,890.00","17,199.00","16,886.00",1.41K,1.41%
12/03/2022,"16,890.00","17,091.00","17,135.00","16,870.00",0.69K,-1.18%
12/02/2022,"17,091.00","16,980.00","17,100.00","16,808.00",1.53K,0.65%
12/01/2022,"16,980.00","17,182.00","17,270.00","16,872.00",1.56K,-1.18%
30/11/2022,"17,182.00","16,452.00","17,238.00","16,446.00",2.73K,4.44%
29/11/2022,"16,452.00","16,215.00","16,537.00","16,102.00",1.63K,1.46%
28/11/2022,"16,215.00","16,432.00","16,487.00","16,014.00",1.74K,-1.32%
27/11/2022,"16,432.00","16,459.00","16,600.00","16,422.00",0.49K,-0.16%
26/11/2022,"16,459.00","16,519.00","16,697.00","16,390.00",0.78K,-0.36%
25/11/2022,"16,519.00","16,606.00","16,617.00","16,354.00",1.16K,-0.52%
24/11/2022,"16,606.00","16,619.00","16,792.00","16,468.00",1.21K,-0.08%
23/11/2022,"16,619.00","16,215.00","16,676.00","16,168.00",2.90K,2.49%
22/11/2022,"16,215.00","15,766.00","16,279.00","15,616.00",3.20K,2.85%
21/11/2022,"15,766.00","16,281.00","16,281.00","15,501.00",4.31K,-3.16%
20/11/2022,"16,281.00","16,695.00","16,742.00","16,185.00",1.18K,-2.48%
19/11/2022,"16,695.00","16,645.00","16,811.00","16,600.00",0.61K,0.37%
18/11/2022,"16,634.00","16,827.00","16,837.00","16,550.00",1.81K,-0.43%
17/11/2022,"16,705.00","16,676.00","16,735.00","16,413.00",1.48K,1.05%
16/11/2022,"16,531.00","16,886.00","17,002.00","16,384.00",4.34K,-2.10%
15/11/2022,"16,886.00","16,627.00","17,124.00","16,554.00",6.53K,1.56%
14/11/2022,"16,627.00","16,345.00","17,188.00","15,829.00",6.71K,1.73%
13/11/2022,"16,345.00","16,812.00","16,956.00","16,257.00",2.54K,-2.78%
11/12/2022,"16,812.00","17,045.00","17,105.00","16,637.00",1.25K,-1.37%
11/11/2022,"17,045.00","17,579.00","17,665.00","16,403.00",8.03K,-3.04%
11/10/2022,"17,579.00","15,907.00","18,155.00","15,760.00",20.73K,10.51%
11/09/2022,"15,907.00","18,557.00","18,597.00","15,603.00",18.08K,-14.28%
11/08/2022,"18,557.00","20,610.00","20,692.00","16,950.00",20.52K,-9.96%
11/07/2022,"20,610.00","20,932.00","21,083.00","20,423.00",1.84K,-1.54%
11/06/2022,"20,932.00","21,313.00","21,378.00","20,913.00",1.35K,-1.79%
11/05/2022,"21,313.00","21,168.00","21,470.00","21,105.00",1.62K,0.68%
11/04/2022,"21,168.00","20,223.00","21,290.00","20,206.00",3.81K,4.67%
11/03/2022,"20,223.00","20,168.00","20,403.00","20,073.00",1.24K,0.27%
11/02/2022,"20,168.00","20,500.00","20,816.00","20,080.00",2.58K,-1.62%
11/01/2022,"20,500.00","20,509.00","20,689.00","20,357.00",1.67K,-0.04%
31/10/2022,"20,509.00","20,647.00","20,843.00","20,268.00",1.71K,-0.67%
30/10/2022,"20,647.00","20,833.00","20,949.00","20,535.00",1.09K,-0.89%
29/10/2022,"20,833.00","20,611.00","21,074.00","20,576.00",1.83K,1.08%
28/10/2022,"20,611.00","20,303.00","20,764.00","20,055.00",2.28K,1.52%
27/10/2022,"20,303.00","20,788.00","20,892.00","20,226.00",2.75K,-2.33%
26/10/2022,"20,788.00","20,104.00","21,011.00","20,077.00",3.90K,3.40%
25/10/2022,"20,104.00","19,340.00","20,430.00","19,254.00",2.76K,3.95%
24/10/2022,"19,340.00","19,585.00","19,601.00","19,175.00",1.31K,-1.25%
23/10/2022,"19,585.00","19,219.00","19,707.00","19,105.00",1.52K,1.90%
22/10/2022,"19,219.00","19,175.00","19,272.00","19,125.00",0.75K,0.23%
21/10/2022,"19,175.00","19,057.00","19,260.00","18,680.00",1.19K,0.62%
20/10/2022,"19,057.00","19,132.00","19,345.00","18,940.00",1.27K,-0.39%
19/10/2022,"19,132.00","19,334.00","19,361.00","19,098.00",0.86K,-1.04%
18/10/2022,"19,334.00","19,554.00","19,705.00","19,106.00",2.12K,-1.13%
17/10/2022,"19,554.00","19,266.00","19,683.00","19,168.00",1.45K,1.48%
16/10/2022,"19,269.00","19,072.00","19,428.00","19,068.00",0.78K,1.03%
15/10/2022,"19,072.00","19,187.00","19,227.00","18,993.00",0.74K,-0.60%
14/10/2022,"19,187.00","19,387.00","19,946.00","19,103.00",2.57K,-1.03%
13/10/2022,"19,387.00","19,158.00","19,503.00","18,200.00",6.27K,1.20%
10/12/2022,"19,158.00","19,062.00","19,232.00","19,026.00",3.49K,0.50%
10/11/2022,"19,062.00","19,128.00","19,260.00","18,870.00",8.84K,-0.34%
10/10/2022,"19,128.00","19,444.40","19,527.00","19,056.00",4.69K,-1.63%
10/09/2022,"19,444.40","19,418.00","19,551.40","19,326.00",1.12K,0.14%
10/08/2022,"19,418.00","19,533.00","19,621.40","19,275.00",1.23K,-0.59%
10/07/2022,"19,533.00","19,957.00","20,053.00","19,336.00",7.68K,-2.12%
10/06/2022,"19,957.00","20,156.00","20,444.00","19,866.00",6.43K,-0.99%
10/05/2022,"20,156.00","20,340.00","20,363.00","19,756.80",6.99K,-0.90%
10/04/2022,"20,340.00","19,638.00","20,470.00","19,510.00",8.47K,3.57%
10/03/2022,"19,638.00","19,066.00","19,688.00","18,985.00",10.89K,3.00%
10/02/2022,"19,066.00","19,317.00","19,396.00","18,945.00",3.16K,-1.30%
10/01/2022,"19,317.00","19,430.00","19,485.00","19,172.00",0.94K,-0.58%
30/09/2022,"19,430.00","19,588.00","20,171.00","19,201.00",11.70K,-0.81%
29/09/2022,"19,588.00","19,419.00","19,651.30","18,863.00",8.40K,0.87%
28/09/2022,"19,419.00","19,096.60","19,783.00","18,495.00",16.06K,1.69%
27/09/2022,"19,096.60","19,229.50","20,373.00","18,856.00",14.96K,-0.69%
26/09/2022,"19,229.50","18,817.00","19,326.00","18,699.00",43.75K,2.19%
25/09/2022,"18,817.00","18,935.00","19,179.00","18,647.00",4.11K,-0.62%
24/09/2022,"18,935.00","19,298.80","19,314.00","18,822.00",1.33K,-1.89%
23/09/2022,"19,298.80","19,413.00","19,512.00","18,562.00",14.55K,-0.59%
22/09/2022,"19,413.00","18,476.50","19,502.00","18,378.80",28.28K,5.07%
21/09/2022,"18,476.50","18,886.60","19,888.00","18,214.00",17.62K,-2.17%
20/09/2022,"18,886.60","19,544.50","19,634.00","18,769.00",9.67K,-3.37%
19/09/2022,"19,544.50","19,424.00","19,684.00","18,318.00",11.97K,0.62%
18/09/2022,"19,424.00","20,127.00","20,127.00","19,356.00",2.43K,-3.49%
17/09/2022,"20,127.00","19,809.90","20,206.00","19,770.00",13.67K,1.60%
16/09/2022,"19,809.90","19,717.00","19,894.00","19,350.00",6.95K,0.47%
15/09/2022,"19,717.00","20,231.00","20,329.00","19,556.00",4.23K,-2.54%
14/09/2022,"20,231.00","20,181.00","20,511.00","19,642.00",8.26K,0.25%
13/09/2022,"20,181.00","22,395.00","22,746.00","19,950.00",16.06K,-9.89%
09/12/2022,"22,395.00","21,850.00","22,473.00","21,561.00",7.84K,2.61%
09/11/2022,"21,826.00","21,657.00","21,826.00","21,369.00",2.23K,0.82%
09/10/2022,"21,648.00","21,375.00","21,802.00","21,143.80",5.36K,1.28%
09/09/2022,"21,375.00","19,322.00","21,576.00","19,304.40",11.99K,10.63%
09/08/2022,"19,322.00","19,280.00","19,447.00","19,048.00",8.22K,0.22%
09/07/2022,"19,279.50","18,790.00","19,457.00","18,561.00",6.19K,2.61%
09/06/2022,"18,790.00","19,789.00","20,183.00","18,691.80",12.12K,-5.04%
09/05/2022,"19,788.00","20,002.00","20,045.00","19,646.00",2.25K,-1.07%
09/04/2022,"20,002.00","19,835.00","20,020.00","19,590.00",2.04K,0.84%
09/03/2022,"19,835.00","19,973.00","20,061.90","19,667.00",1.65K,-0.69%
09/02/2022,"19,973.00","20,134.00","20,441.00","19,770.00",6.30K,-0.80%
09/01/2022,"20,134.00","20,058.00","20,212.00","19,587.00",5.94K,0.38%
31/08/2022,"20,058.00","19,812.00","20,483.00","19,812.00",4.64K,1.24%
30/08/2022,"19,812.00","20,308.00","20,574.00","19,574.00",5.33K,-2.44%
29/08/2022,"20,308.00","19,572.00","20,412.00","19,566.30",4.13K,3.84%
28/08/2022,"19,557.80","20,044.00","20,163.00","19,540.00",3.23K,-2.39%
27/08/2022,"20,036.00","20,257.90","20,362.00","19,852.00",2.55K,-1.10%
26/08/2022,"20,257.90","21,563.10","21,866.00","20,134.00",11.23K,-6.05%
25/08/2022,"21,563.10","21,365.60","21,809.00","21,320.00",3.22K,0.92%
24/08/2022,"21,365.60","21,527.00","21,861.00","21,160.00",5.41K,-0.75%
23/08/2022,"21,527.00","21,395.00","21,671.00","20,909.00",4.92K,0.62%
22/08/2022,"21,395.00","21,511.70","21,527.00","20,910.00",3.44K,-0.53%
21/08/2022,"21,510.00","21,141.00","21,772.90","21,076.60",2.31K,1.75%
20/08/2022,"21,141.00","20,835.00","21,366.00","20,769.00",2.04K,1.45%
19/08/2022,"20,839.00","23,196.70","23,204.00","20,793.00",9.53K,-10.16%
18/08/2022,"23,196.70","23,335.00","23,599.00","23,124.00",3.02K,-0.59%
17/08/2022,"23,335.00","23,856.00","24,433.00","23,180.00",6.13K,-2.18%
16/08/2022,"23,856.00","24,094.00","24,234.10","23,686.00",2.77K,-0.99%
15/08/2022,"24,094.00","24,300.00","25,203.00","23,776.00",8.93K,-0.85%
14/08/2022,"24,300.00","24,425.00","25,003.00","24,151.00",2.74K,-0.51%
13/08/2022,"24,425.00","24,395.20","24,880.00","24,307.00",4.05K,0.12%
08/12/2022,"24,395.20","23,931.50","24,441.00","23,603.00",3.56K,1.94%
08/11/2022,"23,931.50","23,954.20","24,877.00","23,861.00",5.88K,-0.09%
08/10/2022,"23,954.20","23,142.00","24,215.00","22,665.00",8.78K,3.51%
08/09/2022,"23,141.00","23,817.00","23,912.00","22,888.00",4.07K,-2.84%
08/08/2022,"23,817.00","23,177.90","24,224.00","23,164.00",2.90K,2.76%
08/07/2022,"23,177.90","22,924.00","23,397.00","22,837.00",2.15K,1.11%
08/06/2022,"22,924.00","23,311.00","23,341.30","22,903.00",1.26K,-1.66%
08/05/2022,"23,311.00","22,611.70","23,462.00","22,596.00",7.08K,3.09%
08/04/2022,"22,611.70","22,813.90","23,210.10","22,390.00",4.60K,-0.89%
08/03/2022,"22,813.90","22,986.00","23,626.60","22,684.00",4.75K,-0.74%
08/02/2022,"22,984.00","23,259.00","23,438.90","22,676.00",4.22K,-1.18%
08/01/2022,"23,259.00","23,294.00","23,499.00","22,882.00",5.57K,-0.15%
31/07/2022,"23,294.00","23,639.00","24,211.00","23,233.00",3.15K,-1.46%
30/07/2022,"23,639.00","23,764.00","24,641.00","23,520.00",4.30K,-0.53%
29/07/2022,"23,764.00","23,851.60","24,426.00","23,456.00",5.03K,-0.37%
28/07/2022,"23,851.60","22,951.00","24,172.00","22,601.00",6.63K,3.92%
27/07/2022,"22,951.00","21,271.00","23,098.00","21,056.00",7.47K,7.90%
26/07/2022,"21,271.00","21,302.60","21,329.00","20,738.00",4.43K,-0.15%
25/07/2022,"21,302.60","22,579.20","22,663.30","21,262.00",4.42K,-5.65%
24/07/2022,"22,579.20","22,446.00","23,001.00","22,262.00",2.34K,0.59%
23/07/2022,"22,446.00","22,675.90","22,993.00","21,949.00",2.69K,-1.01%
22/07/2022,"22,675.90","23,151.80","23,729.00","22,517.00",5.07K,-2.06%
21/07/2022,"23,151.80","23,209.00","23,409.00","22,350.00",8.12K,-0.25%
20/07/2022,"23,209.00","23,398.00","24,276.00","22,915.00",8.44K,-0.81%
19/07/2022,"23,398.00","22,476.00","23,783.00","21,599.00",10.21K,4.10%
18/07/2022,"22,476.00","20,781.00","22,749.00","20,763.00",8.52K,8.16%
17/07/2022,"20,781.00","21,224.00","21,666.00","20,751.00",3.17K,-2.09%
16/07/2022,"21,224.00","20,820.00","21,590.00","20,477.00",3.40K,1.96%
15/07/2022,"20,816.00","20,582.00","21,190.00","20,375.70",3.59K,1.16%
14/07/2022,"20,578.00","20,246.00","20,880.00","19,647.00",6.06K,1.64%
13/07/2022,"20,246.00","19,310.50","20,282.70","18,926.80",12.00K,4.84%
07/12/2022,"19,310.50","19,945.00","20,038.20","19,243.90",6.78K,-3.18%
07/11/2022,"19,945.00","20,854.60","20,865.20","19,876.00",6.61K,-4.36%
07/10/2022,"20,854.60","21,575.80","21,590.10","20,678.00",2.88K,-3.34%
07/09/2022,"21,575.80","21,600.00","21,967.00","21,335.50",2.20K,-0.11%
07/08/2022,"21,600.00","21,620.00","22,405.00","21,198.00",11.60K,-0.09%
07/07/2022,"21,620.00","20,557.10","21,809.00","20,253.00",5.60K,5.17%
07/06/2022,"20,557.10","20,169.00","20,665.60","19,765.20",4.32K,1.92%
07/05/2022,"20,169.00","20,224.00","20,723.00","19,290.00",4.45K,-0.27%
07/04/2022,"20,224.00","19,308.80","20,318.00","19,056.60",3.55K,4.74%
07/03/2022,"19,308.80","19,230.00","19,638.00","18,774.00",2.35K,0.41%
07/02/2022,"19,230.00","19,286.00","19,442.00","18,994.00",1.67K,-0.29%
07/01/2022,"19,286.00","19,938.00","20,795.00","18,993.00",5.19K,-3.27%
30/06/2022,"19,938.00","20,106.60","20,146.10","18,643.00",5.75K,-0.84%
29/06/2022,"20,106.60","20,270.60","20,428.00","19,886.00",3.38K,-0.79%
28/06/2022,"20,267.00","20,718.00","21,200.00","20,204.00",2.39K,-2.18%
27/06/2022,"20,718.00","21,067.00","21,509.40","20,551.00",2.79K,-1.66%
26/06/2022,"21,067.00","21,485.00","21,871.30","21,000.00",2.80K,-1.95%
25/06/2022,"21,485.00","21,229.00","21,575.00","20,899.40",2.30K,1.21%
24/06/2022,"21,229.00","21,071.00","21,526.00","20,704.00",5.80K,0.75%
23/06/2022,"21,071.00","19,943.00","21,163.00","19,866.00",6.14K,5.66%
22/06/2022,"19,943.00","20,692.90","20,848.00","19,739.00",7.26K,-3.62%
21/06/2022,"20,692.90","20,549.10","21,670.00","20,341.00",8.18K,0.68%
20/06/2022,"20,554.10","20,556.00","20,984.00","19,628.00",6.68K,-0.01%
19/06/2022,"20,556.00","18,978.00","20,744.00","17,950.00",11.68K,8.31%
18/06/2022,"18,978.00","20,411.00","20,688.00","17,611.00",17.93K,-7.02%
17/06/2022,"20,411.00","20,394.00","21,347.00","20,254.00",24.02K,0.08%
16/06/2022,"20,394.00","22,594.00","22,996.00","20,253.00",6.74K,-9.74%
15/06/2022,"22,594.00","22,172.00","22,805.00","20,089.00",17.56K,1.90%
14/06/2022,"22,172.00","22,500.00","23,326.00","20,873.00",16.45K,-1.40%
13/06/2022,"22,487.00","26,670.00","26,922.30","22,017.00",42.72K,-15.68%
06/12/2022,"26,670.00","28,425.00","28,558.30","26,640.00",8.91K,-6.17%
06/11/2022,"28,425.00","29,103.00","29,452.00","28,138.00",3.75K,-2.33%
06/10/2022,"29,103.00","30,112.20","30,367.00","28,864.10",4.85K,-3.35%
06/09/2022,"30,112.20","30,226.00","30,711.80","29,957.00",2.10K,-0.39%
06/08/2022,"30,230.00","31,149.00","31,331.00","29,887.00",2.65K,-2.95%
06/07/2022,"31,149.00","31,371.00","31,577.00","29,231.00",6.42K,-0.71%
06/06/2022,"31,371.00","29,923.40","31,764.00","29,907.00",4.78K,4.84%
06/05/2022,"29,923.40","29,877.00","30,196.00","29,541.00",1.72K,0.16%
06/04/2022,"29,877.00","29,730.00","29,981.00","29,506.00",1.50K,0.49%
06/03/2022,"29,730.00","30,478.00","30,707.00","29,346.00",3.04K,-2.45%
06/02/2022,"30,478.00","29,832.00","30,712.00","29,620.00",5.93K,2.17%
06/01/2022,"29,832.00","31,792.00","31,974.00","29,354.00",4.84K,-6.17%
31/05/2022,"31,792.00","31,726.30","32,390.80","31,220.00",2.92K,0.21%
30/05/2022,"31,726.30","29,476.00","32,191.00","29,310.60",7.93K,7.63%
29/05/2022,"29,476.00","29,037.00","29,586.00","28,851.00",2.57K,1.51%
28/05/2022,"29,037.00","28,609.00","29,259.00","28,528.30",1.65K,1.50%
27/05/2022,"28,609.00","29,213.00","29,377.80","28,267.10",4.37K,-2.07%
26/05/2022,"29,213.00","29,524.00","29,859.20","28,005.00",5.54K,-1.05%
25/05/2022,"29,524.00","29,647.00","30,218.00","29,345.00",2.15K,-0.41%
24/05/2022,"29,647.00","29,091.00","29,822.00","28,690.00",2.91K,1.91%
23/05/2022,"29,091.00","30,283.00","30,666.00","28,868.00",2.79K,-3.94%
22/05/2022,"30,283.00","29,439.00","30,466.00","29,253.00",2.68K,2.87%
21/05/2022,"29,439.00","29,202.00","29,652.00","28,963.00",1.28K,0.81%
20/05/2022,"29,202.00","30,329.00","30,764.00","28,713.00",3.94K,-3.72%
19/05/2022,"30,329.00","28,680.00","30,542.00","28,673.00",4.49K,5.75%
18/05/2022,"28,680.00","30,442.00","30,702.00","28,634.00",3.94K,-5.79%
17/05/2022,"30,442.00","29,854.00","30,766.00","29,445.90",3.07K,1.97%
16/05/2022,"29,854.00","31,318.00","31,324.10","29,083.00",4.52K,-4.68%
15/05/2022,"31,319.00","30,104.00","31,416.00","29,483.00",2.74K,4.04%
14/05/2022,"30,104.00","29,306.00","30,346.00","28,674.00",4.13K,2.72%
13/05/2022,"29,306.00","29,089.50","31,068.00","28,831.00",8.72K,0.74%
05/12/2022,"29,089.50","29,095.00","30,224.00","26,600.00",34.25K,-0.02%
05/11/2022,"29,095.00","31,061.00","32,181.00","27,902.00",28.73K,-6.30%
05/10/2022,"31,050.00","30,158.00","32,681.00","29,845.00",14.17K,2.96%
05/09/2022,"30,158.00","34,064.00","34,259.00","30,114.00",21.24K,-11.52%
05/08/2022,"34,084.00","35,506.00","35,540.00","33,779.00",6.58K,-4.01%
05/07/2022,"35,508.00","36,040.00","36,163.00","34,879.00",3.78K,-1.48%
05/06/2022,"36,040.00","36,577.00","36,684.00","35,315.00",7.60K,-1.47%
05/05/2022,"36,577.00","39,701.20","39,843.00","36,209.00",9.74K,-7.87%
05/04/2022,"39,701.20","37,751.00","39,996.00","37,695.00",5.26K,5.17%
05/03/2022,"37,751.00","38,520.00","38,673.50","37,555.00",3.62K,-2.00%
05/02/2022,"38,520.00","38,496.10","39,184.00","38,090.70",3.59K,0.06%
05/01/2022,"38,496.10","37,662.00","38,689.00","37,426.00",3.06K,2.21%
30/04/2022,"37,662.00","38,600.00","38,791.60","37,633.00",2.91K,-2.43%
29/04/2022,"38,600.00","39,757.80","39,927.20","38,200.70",3.19K,-2.91%
28/04/2022,"39,757.80","39,263.00","40,364.00","38,922.00",4.65K,1.26%
27/04/2022,"39,263.00","38,139.00","39,478.00","37,901.00",4.20K,2.95%
26/04/2022,"38,139.00","40,456.00","40,800.30","37,762.00",4.73K,-5.73%
25/04/2022,"40,456.00","39,486.00","40,588.00","38,200.00",6.01K,2.46%
24/04/2022,"39,486.00","39,444.00","39,949.00","38,963.00",2.19K,0.10%
23/04/2022,"39,446.70","39,726.00","40,008.00","39,312.00",1.92K,-0.70%
22/04/2022,"39,724.00","40,502.00","40,799.00","39,195.00",4.13K,-1.92%
21/04/2022,"40,502.00","41,365.00","42,977.00","39,807.00",4.56K,-2.09%
20/04/2022,"41,366.40","41,516.80","42,195.40","40,905.00",3.73K,-0.36%
19/04/2022,"41,516.80","40,821.00","41,743.00","40,601.00",2.40K,1.70%
18/04/2022,"40,821.00","39,707.60","41,123.20","38,557.00",4.99K,2.80%
17/04/2022,"39,707.60","40,408.70","40,611.00","39,567.00",1.66K,-1.74%
16/04/2022,"40,408.70","40,587.00","40,717.00","40,033.10",1.49K,-0.44%
15/04/2022,"40,587.00","39,948.00","40,807.00","39,792.00",2.21K,1.60%
14/04/2022,"39,948.00","41,155.00","41,510.30","39,604.00",3.17K,-2.93%
13/04/2022,"41,155.00","40,088.00","41,540.00","39,607.00",4.57K,2.66%
04/12/2022,"40,087.00","39,565.00","40,649.00","39,300.00",4.11K,1.32%
04/11/2022,"39,565.00","42,181.00","42,437.00","39,274.00",6.70K,-6.20%
04/10/2022,"42,181.00","42,780.00","43,460.00","41,933.00",3.03K,-1.40%
04/09/2022,"42,780.00","42,277.00","42,824.00","42,137.00",1.92K,1.19%
04/08/2022,"42,277.00","43,458.00","43,984.00","42,137.30",4.35K,-2.72%
04/07/2022,"43,458.00","43,195.90","43,899.00","42,804.00",2.40K,0.60%
04/06/2022,"43,199.00","45,481.00","45,515.10","43,162.00",5.84K,-5.02%
04/05/2022,"45,481.00","46,611.10","47,173.00","45,376.00",2.59K,-2.42%
04/04/2022,"46,611.10","46,383.00","46,900.00","45,128.00",3.45K,0.49%
04/03/2022,"46,383.00","45,825.00","47,414.00","45,570.00",3.01K,1.22%
04/02/2022,"45,825.00","46,301.00","47,216.00","45,640.00",2.27K,-1.03%
04/01/2022,"46,301.00","45,535.00","46,717.00","44,245.90",3.96K,1.68%
31/03/2022,"45,535.00","47,035.00","47,665.00","45,224.40",4.66K,-3.19%
30/03/2022,"47,035.00","47,424.00","47,675.00","46,602.00",4.30K,-0.82%
29/03/2022,"47,424.00","47,105.00","48,099.00","46,964.00",3.38K,0.68%
28/03/2022,"47,105.00","46,836.00","48,159.00","46,666.00",6.38K,0.57%
27/03/2022,"46,836.00","44,536.40","46,862.00","44,440.00",5.65K,5.16%
26/03/2022,"44,536.40","44,337.00","44,785.00","44,112.70",1.31K,0.45%
25/03/2022,"44,337.00","44,003.00","45,082.00","43,607.00",4.36K,0.76%
24/03/2022,"44,003.00","42,885.00","44,221.00","42,670.00",3.78K,2.61%
23/03/2022,"42,882.00","42,370.00","42,995.00","41,772.00",2.75K,1.21%
22/03/2022,"42,370.00","41,011.00","43,319.00","40,886.00",5.00K,3.26%
21/03/2022,"41,031.00","41,264.00","41,535.00","40,544.00",2.62K,-0.53%
20/03/2022,"41,249.00","42,213.00","42,292.00","40,933.00",1.81K,-2.29%
19/03/2022,"42,214.00","41,774.00","42,373.00","41,491.00",2.14K,1.05%
18/03/2022,"41,774.00","40,942.60","42,333.00","40,236.00",3.77K,2.03%
17/03/2022,"40,942.60","41,148.00","41,451.00","40,553.00",2.29K,-0.50%
16/03/2022,"41,148.00","39,316.60","41,728.00","38,974.00",8.54K,4.66%
15/03/2022,"39,317.00","39,717.90","39,886.90","38,212.00",5.30K,-1.01%
14/03/2022,"39,717.00","37,777.10","39,977.00","37,570.00",8.05K,5.14%
13/03/2022,"37,777.10","38,816.30","39,314.00","37,592.00",3.42K,-2.68%
03/12/2022,"38,816.30","38,737.00","39,397.00","38,679.00",1.81K,0.20%
03/11/2022,"38,737.00","39,458.50","40,228.00","38,236.40",9.57K,-1.83%
03/10/2022,"39,458.50","41,964.00","42,069.00","38,646.00",6.67K,-5.97%
03/09/2022,"41,962.30","38,757.00","42,593.00","38,692.50",5.96K,8.27%
03/08/2022,"38,757.00","38,039.00","39,385.10","37,906.00",5.51K,1.89%
03/07/2022,"38,039.00","38,437.00","39,559.00","37,198.00",6.78K,-1.04%
03/06/2022,"38,437.00","39,408.00","39,715.00","38,151.00",3.37K,-2.46%
03/05/2022,"39,408.00","39,171.00","39,628.00","38,680.00",2.19K,0.61%
03/04/2022,"39,171.00","42,489.00","42,559.00","38,621.00",6.38K,-7.81%
03/03/2022,"42,490.00","43,952.00","44,103.00","41,862.00",3.89K,-3.33%
03/02/2022,"43,952.00","44,442.00","45,326.00","43,386.00",5.57K,-1.10%
03/01/2022,"44,442.00","43,202.00","44,939.00","42,878.00",6.34K,2.87%
28/02/2022,"43,202.00","37,734.00","44,198.00","37,502.00",8.45K,14.49%
27/02/2022,"37,734.00","39,137.10","39,888.00","37,067.10",5.48K,-3.56%
26/02/2022,"39,125.00","39,243.00","40,274.00","38,633.00",3.59K,-0.30%
25/02/2022,"39,243.00","38,380.00","39,717.00","38,071.10",6.43K,2.25%
24/02/2022,"38,380.00","37,292.00","39,716.00","34,435.00",17.88K,2.92%
23/02/2022,"37,292.00","38,299.00","39,270.00","37,142.00",5.81K,-2.63%
22/02/2022,"38,299.00","37,060.90","38,475.00","36,404.00",6.20K,3.36%
21/02/2022,"37,054.00","38,420.00","39,531.00","36,829.00",8.51K,-3.56%
20/02/2022,"38,420.00","40,128.00","40,164.10","38,071.00",3.53K,-4.29%
19/02/2022,"40,141.00","40,037.00","40,478.00","39,683.00",1.46K,0.26%
18/02/2022,"40,037.00","40,559.00","40,983.00","39,571.00",4.68K,-1.28%
17/02/2022,"40,556.00","43,885.00","44,187.60","40,126.80",6.75K,-7.59%
16/02/2022,"43,885.00","44,559.90","44,584.00","43,382.00",3.27K,-1.51%
15/02/2022,"44,559.90","42,559.90","44,762.00","42,467.00",4.11K,4.70%
14/02/2022,"42,559.90","42,091.00","42,852.00","41,608.00",4.78K,1.11%
13/02/2022,"42,091.00","42,239.10","42,760.00","41,920.00",1.95K,-0.35%
02/12/2022,"42,239.10","42,418.00","43,028.00","41,810.00",2.66K,-0.42%
02/11/2022,"42,418.00","43,545.00","43,965.00","42,053.00",5.61K,-2.59%
02/10/2022,"43,545.00","44,432.00","45,851.00","43,255.00",7.33K,-2.00%
02/09/2022,"44,432.00","44,060.50","44,839.60","43,160.00",3.71K,0.84%
02/08/2022,"44,060.50","43,865.00","45,400.00","42,713.00",7.62K,0.45%
02/07/2022,"43,865.00","42,416.00","44,500.00","41,715.00",5.52K,3.40%
02/06/2022,"42,423.00","41,454.00","42,730.00","41,171.00",2.36K,2.34%
02/05/2022,"41,454.00","41,562.70","41,928.00","40,979.80",2.60K,-0.26%
02/04/2022,"41,562.70","37,331.00","41,734.00","37,070.00",8.27K,11.34%
02/03/2022,"37,331.00","36,925.00","37,395.00","36,282.00",5.03K,1.10%
02/02/2022,"36,925.00","38,733.00","38,877.00","36,660.00",4.19K,-4.67%
02/01/2022,"38,733.00","38,495.00","39,350.00","38,039.00",4.29K,0.54%
31/01/2022,"38,526.00","37,914.40","38,772.10","36,683.00",4.77K,1.55%
30/01/2022,"37,939.00","38,179.90","38,349.00","37,398.00",2.05K,-0.68%
29/01/2022,"38,197.00","37,759.80","38,696.00","37,347.70",3.55K,1.16%
28/01/2022,"37,759.80","37,217.00","38,041.00","36,197.00",4.58K,1.46%
27/01/2022,"37,217.00","36,830.80","37,248.00","35,571.00",6.94K,1.05%
26/01/2022,"36,830.80","36,986.00","38,901.00","36,301.00",10.65K,-0.44%
25/01/2022,"36,994.00","36,702.00","37,545.00","35,759.00",8.86K,0.80%
24/01/2022,"36,702.00","36,308.00","37,460.00","32,981.00",23.10K,1.09%
23/01/2022,"36,308.00","35,103.00","36,550.00","34,687.30",8.72K,3.43%
22/01/2022,"35,103.00","36,467.00","36,816.00","34,079.00",17.58K,-3.83%
21/01/2022,"36,501.00","40,740.00","41,132.00","35,524.00",16.22K,-10.41%
20/01/2022,"40,740.00","41,676.00","43,540.60","40,572.00",5.11K,-2.25%
19/01/2022,"41,676.00","42,390.00","42,581.20","41,180.00",6.45K,-1.68%
18/01/2022,"42,390.00","42,223.00","42,682.00","41,304.00",4.34K,0.35%
17/01/2022,"42,242.00","43,084.00","43,191.00","41,568.00",2.92K,-1.95%
16/01/2022,"43,084.00","43,069.00","43,487.00","42,611.80",1.58K,0.03%
15/01/2022,"43,069.00","43,091.00","43,806.00","42,600.00",3.20K,-0.05%
14/01/2022,"43,091.00","42,562.00","43,463.00","41,839.00",4.31K,1.24%
13/01/2022,"42,562.00","43,909.00","44,426.70","42,334.00",3.74K,-3.07%
01/12/2022,"43,909.00","42,743.00","44,305.00","42,475.00",3.77K,2.73%
01/11/2022,"42,743.00","41,839.00","43,113.00","41,287.00",4.79K,2.16%
01/10/2022,"41,839.00","41,850.00","42,270.00","39,677.00",9.55K,-0.03%
01/09/2022,"41,850.00","41,679.00","42,790.00","41,275.00",3.72K,0.41%
01/08/2022,"41,679.00","41,518.00","42,319.00","40,570.00",4.15K,0.39%
01/07/2022,"41,518.00","43,111.00","43,132.00","40,755.00",7.40K,-3.70%
01/06/2022,"43,111.00","43,418.00","43,777.00","42,487.00",3.41K,-0.71%
01/05/2022,"43,418.00","45,830.00","47,056.70","42,519.00",6.93K,-5.26%
01/04/2022,"45,830.00","46,445.00","47,546.00","45,583.00",3.79K,-1.32%
01/03/2022,"46,445.00","47,314.00","47,578.00","45,701.00",2.58K,-1.84%
01/02/2022,"47,314.00","47,755.00","47,980.00","46,698.00",1.84K,-0.92%
01/01/2022,"47,755.00","46,218.00","47,954.00","46,215.00",2.18K,3.33%
31/12/2021,"46,218.00","47,156.00","48,589.00","45,697.00",4.25K,-1.99%
30/12/2021,"47,156.00","46,465.00","47,911.00","45,996.00",3.20K,1.49%
29/12/2021,"46,465.00","47,554.00","48,166.00","46,129.00",4.12K,-2.29%
28/12/2021,"47,554.00","50,684.00","50,710.00","47,339.00",5.43K,-6.18%
27/12/2021,"50,684.00","50,797.00","52,027.00","50,483.00",3.52K,-0.22%
26/12/2021,"50,797.00","50,435.20","51,281.00","49,473.00",2.90K,0.71%
25/12/2021,"50,437.00","50,815.00","51,169.00","50,209.00",1.99K,-0.74%
24/12/2021,"50,815.00","50,833.00","51,834.00","50,439.00",2.60K,0.01%
23/12/2021,"50,812.00","48,626.00","51,376.00","48,078.00",4.43K,4.50%
22/12/2021,"48,626.00","48,923.00","49,575.10","48,459.80",3.14K,-0.61%
21/12/2021,"48,923.00","46,898.00","49,352.00","46,683.00",4.71K,4.32%
20/12/2021,"46,898.00","46,716.50","47,541.00","45,606.00",5.65K,0.39%
19/12/2021,"46,716.50","46,879.00","48,283.00","46,474.90",5.24K,-0.35%
18/12/2021,"46,879.00","46,193.00","47,364.00","45,543.50",3.74K,1.49%
17/12/2021,"46,193.00","47,675.00","48,028.80","45,539.00",5.86K,-3.11%
16/12/2021,"47,675.00","48,901.00","49,462.10","47,561.00",3.53K,-2.51%
15/12/2021,"48,901.00","48,408.00","49,520.00","46,602.00",7.04K,1.02%
14/12/2021,"48,408.00","46,777.00","48,656.00","46,356.20",5.48K,3.49%
13/12/2021,"46,777.00","50,123.00","50,222.70","45,790.00",8.71K,-6.68%
12/12/2021,"50,123.00","49,363.10","50,800.00","48,692.00",3.87K,1.54%
12/11/2021,"49,363.10","47,170.00","49,510.00","46,897.00",5.29K,4.65%
12/10/2021,"47,170.00","47,611.00","50,105.00","47,060.00",8.17K,-0.93%
12/09/2021,"47,611.00","50,503.40","50,824.00","47,408.00",5.28K,-5.73%
12/08/2021,"50,503.40","50,634.00","51,239.00","48,760.00",4.03K,-0.26%
12/07/2021,"50,634.00","50,566.60","51,969.00","50,102.00",3.91K,0.13%
12/06/2021,"50,566.60","49,469.00","50,974.00","47,295.00",8.05K,2.22%
12/05/2021,"49,469.00","49,272.00","49,752.00","47,860.00",4.78K,0.40%
12/04/2021,"49,272.00","53,709.00","53,879.00","42,101.00",22.58K,-8.26%
12/03/2021,"53,709.00","56,517.00","57,599.00","52,062.00",10.73K,-4.97%
12/02/2021,"56,517.00","57,250.00","57,389.00","55,842.00",4.41K,-1.28%
12/01/2021,"57,250.00","56,938.00","59,055.00","56,505.00",5.18K,0.55%
30/11/2021,"56,938.00","57,845.00","59,174.00","55,940.00",6.47K,-1.57%
29/11/2021,"57,845.00","57,325.00","58,886.00","56,772.00",5.07K,0.91%
28/11/2021,"57,325.00","54,836.00","57,469.00","53,482.00",4.94K,4.54%
27/11/2021,"54,836.00","53,738.00","55,329.00","53,711.00",3.09K,2.04%
26/11/2021,"53,738.00","58,995.00","59,229.00","53,565.00",12.19K,-8.91%
25/11/2021,"58,995.00","57,209.00","59,423.40","57,070.00",3.98K,3.12%
24/11/2021,"57,209.00","57,602.00","57,762.00","55,916.90",4.89K,-0.68%
23/11/2021,"57,602.00","56,299.00","57,866.20","55,460.00",8.56K,2.31%
22/11/2021,"56,299.00","58,790.00","59,407.00","55,714.00",8.83K,-4.24%
21/11/2021,"58,790.00","59,739.00","60,047.00","58,624.00",2.44K,-1.59%
20/11/2021,"59,739.00","58,130.00","59,886.00","57,494.40",3.13K,2.77%
19/11/2021,"58,130.00","56,932.00","58,379.00","55,670.00",5.18K,1.96%
18/11/2021,"57,014.00","60,386.10","60,945.00","56,559.00",11.54K,-5.58%
17/11/2021,"60,386.10","60,124.00","60,847.00","58,427.00",6.72K,0.44%
16/11/2021,"60,124.00","63,562.00","63,562.00","58,708.00",13.07K,-5.41%
15/11/2021,"63,562.00","65,471.00","66,320.00","63,383.30",5.27K,-2.92%
14/11/2021,"65,471.00","64,406.00","65,471.00","63,589.00",2.19K,1.65%
13/11/2021,"64,406.00","64,137.00","64,968.20","63,405.00",1.87K,0.39%
11/12/2021,"64,156.00","64,801.00","65,412.00","62,310.00",5.12K,-1.00%
11/11/2021,"64,801.00","64,954.00","65,541.00","64,089.00",2.86K,-0.24%
11/10/2021,"64,954.00","66,935.00","68,925.00","63,123.00",12.23K,-2.96%
11/09/2021,"66,935.00","67,526.00","68,429.00","66,343.00",6.46K,-0.88%
11/08/2021,"67,526.00","63,259.10","67,665.00","63,259.10",8.98K,6.75%
11/07/2021,"63,259.10","61,495.00","63,279.00","61,400.00",3.23K,2.87%
11/06/2021,"61,496.00","61,016.40","61,583.00","60,100.00",2.93K,0.79%
11/05/2021,"61,016.40","61,422.80","62,598.00","60,746.30",2.26K,-0.66%
11/04/2021,"61,422.80","62,904.00","63,060.20","60,733.00",2.93K,-2.35%
11/03/2021,"62,904.00","63,249.00","63,556.00","60,624.00",4.76K,-0.55%
11/02/2021,"63,249.00","60,927.00","64,263.40","60,661.00",5.20K,3.81%
11/01/2021,"60,927.00","61,330.00","62,485.00","59,595.60",4.81K,-0.66%
31/10/2021,"61,330.00","61,838.80","62,414.00","60,021.00",2.42K,-0.82%
30/10/2021,"61,838.80","62,235.00","62,353.00","60,756.00",2.24K,-0.64%
29/10/2021,"62,235.00","60,598.00","62,980.00","60,189.50",3.92K,2.70%
28/10/2021,"60,598.00","58,453.00","62,395.00","57,612.00",8.07K,3.67%
27/10/2021,"58,453.00","60,289.00","61,447.70","58,096.40",7.14K,-3.05%
26/10/2021,"60,290.00","63,100.00","63,306.00","59,852.00",4.75K,-4.45%
25/10/2021,"63,100.00","60,847.00","63,666.00","60,633.00",3.71K,3.70%
24/10/2021,"60,847.00","61,302.00","61,471.00","59,537.00",2.88K,-0.74%
23/10/2021,"61,302.00","60,708.00","61,731.00","59,762.00",2.71K,0.98%
22/10/2021,"60,708.00","62,200.00","63,708.00","60,045.00",6.35K,-2.40%
21/10/2021,"62,200.00","65,988.00","66,643.00","62,100.00",13.37K,-5.74%
20/10/2021,"65,988.00","64,263.00","66,927.00","63,536.00",9.26K,2.73%
19/10/2021,"64,237.00","62,034.00","64,418.00","61,441.10",9.15K,3.55%
18/10/2021,"62,034.00","61,504.00","62,661.00","59,948.00",8.56K,0.85%
17/10/2021,"61,511.00","60,867.50","61,652.00","59,073.00",5.14K,1.06%
16/10/2021,"60,867.50","61,680.00","62,325.00","60,175.00",4.28K,-1.36%
15/10/2021,"61,709.00","57,354.00","62,897.00","56,889.00",11.88K,7.59%
14/10/2021,"57,354.00","57,381.00","58,473.00","56,880.00",4.59K,-0.05%
13/10/2021,"57,381.00","55,967.00","57,758.00","54,310.00",3.09K,2.53%
10/12/2021,"55,967.00","57,468.00","57,633.00","54,000.00",5.94K,-2.61%
10/11/2021,"57,468.00","54,701.00","57,802.50","54,430.00",7.51K,5.06%
10/10/2021,"54,701.00","54,978.00","56,414.00","54,173.00",5.84K,-0.50%
10/09/2021,"54,978.00","53,925.00","55,443.70","53,711.00",2.44K,1.95%
10/08/2021,"53,925.00","53,793.00","56,000.00","53,649.00",5.48K,0.25%
10/07/2021,"53,793.00","55,331.00","55,339.00","53,444.00",4.95K,-2.78%
10/06/2021,"55,331.00","51,508.00","55,724.00","50,448.00",10.52K,7.42%
10/05/2021,"51,508.00","49,232.00","51,891.10","49,065.00",6.68K,4.58%
10/04/2021,"49,252.00","48,243.00","49,503.00","46,951.00",6.19K,2.09%
10/03/2021,"48,243.00","47,675.00","49,187.00","47,124.00",3.60K,1.19%
10/02/2021,"47,675.00","48,151.00","48,330.00","47,459.00",2.06K,-1.00%
10/01/2021,"48,157.00","43,830.00","48,454.00","43,311.00",8.32K,9.87%
30/09/2021,"43,830.00","41,551.00","44,107.00","41,432.00",5.11K,5.48%
29/09/2021,"41,551.00","41,064.00","42,591.00","40,811.00",4.39K,1.19%
28/09/2021,"41,064.00","42,191.00","42,777.00","40,928.00",6.16K,-2.67%
27/09/2021,"42,191.00","43,220.50","44,354.00","42,144.00",4.26K,-2.29%
26/09/2021,"43,180.00","42,711.00","43,931.00","40,830.00",5.47K,1.10%
25/09/2021,"42,711.00","42,854.00","42,977.00","41,731.00",2.96K,-0.39%
24/09/2021,"42,878.00","44,882.00","45,140.00","40,779.00",11.76K,-4.47%
23/09/2021,"44,882.00","43,582.60","44,986.00","43,121.00",5.29K,2.98%
22/09/2021,"43,582.60","40,632.50","43,998.00","40,607.00",8.43K,7.18%
21/09/2021,"40,664.00","43,002.00","43,622.30","39,678.00",14.96K,-5.44%
20/09/2021,"43,002.00","47,239.00","47,323.00","42,577.00",12.63K,-8.97%
19/09/2021,"47,239.00","48,309.00","48,370.00","46,837.00",2.28K,-2.21%
18/09/2021,"48,309.00","47,296.00","48,794.00","47,070.00",2.05K,2.15%
17/09/2021,"47,292.00","47,786.00","48,183.00","46,782.00",2.49K,-1.03%
16/09/2021,"47,786.00","48,136.00","48,518.00","47,080.00",3.61K,-0.73%
15/09/2021,"48,136.00","47,078.00","48,440.00","46,738.00",3.98K,2.25%
14/09/2021,"47,078.00","44,960.00","47,235.00","44,726.00",3.52K,4.71%
13/09/2021,"44,960.00","46,069.00","46,823.00","43,514.00",8.77K,-2.41%
09/12/2021,"46,069.00","45,169.00","46,391.00","44,780.10",3.39K,1.99%
09/11/2021,"45,169.00","44,852.00","45,990.00","44,750.00",2.54K,0.71%
09/10/2021,"44,852.00","46,389.00","47,036.00","44,265.10",5.18K,-3.31%
09/09/2021,"46,389.00","46,088.00","47,397.00","45,591.00",3.85K,0.65%
09/08/2021,"46,088.00","46,778.00","47,342.40","44,509.90",7.55K,-1.48%
09/07/2021,"46,778.00","52,676.00","52,888.00","43,347.00",16.70K,-11.20%
09/06/2021,"52,676.00","51,762.00","52,709.00","51,062.00",4.84K,1.77%
09/05/2021,"51,762.00","49,899.00","51,900.00","49,500.00",5.54K,3.73%
09/04/2021,"49,899.00","50,000.00","50,529.00","49,418.00",2.37K,-0.20%
09/03/2021,"50,000.00","49,291.00","51,032.00","48,362.00",7.33K,1.44%
09/02/2021,"49,291.00","48,844.00","50,365.00","48,633.00",4.95K,0.92%
09/01/2021,"48,844.00","47,157.00","49,102.00","46,600.00",5.71K,3.58%
31/08/2021,"47,157.00","47,008.00","48,241.00","46,725.00",4.30K,0.32%
30/08/2021,"47,008.00","48,800.00","48,915.70","46,904.00",4.12K,-3.67%
29/08/2021,"48,800.00","48,914.00","49,650.00","47,844.00",4.05K,-0.23%
28/08/2021,"48,914.00","49,076.10","49,310.00","48,400.00",2.30K,-0.33%
27/08/2021,"49,076.10","46,832.00","49,159.00","46,364.90",5.80K,4.79%
26/08/2021,"46,832.00","48,989.00","49,385.00","46,370.70",6.48K,-4.40%
25/08/2021,"48,989.00","47,714.00","49,244.00","47,158.00",4.12K,2.67%
24/08/2021,"47,714.00","49,539.00","49,857.00","47,604.00",4.77K,-3.68%
23/08/2021,"49,539.00","49,264.00","50,506.30","49,055.00",5.42K,0.56%
22/08/2021,"49,264.00","48,868.00","49,487.00","48,121.00",2.75K,0.81%
21/08/2021,"48,868.00","49,332.00","49,784.00","48,290.00",3.92K,-0.94%
20/08/2021,"49,332.00","46,765.00","49,362.00","46,660.00",6.04K,5.49%
19/08/2021,"46,765.00","44,744.00","47,060.00","43,992.00",5.97K,4.52%
18/08/2021,"44,744.00","44,698.00","46,007.80","44,290.00",5.82K,0.10%
17/08/2021,"44,698.00","45,940.00","47,157.00","44,467.00",6.93K,-2.70%
16/08/2021,"45,940.00","47,031.00","48,059.00","45,689.00",6.06K,-2.32%
15/08/2021,"47,031.00","47,084.00","47,355.00","45,556.00",3.83K,-0.11%
14/08/2021,"47,084.00","47,842.00","48,120.00","46,036.00",4.35K,-1.58%
13/08/2021,"47,842.00","44,423.00","47,866.00","44,276.00",7.39K,7.70%
08/12/2021,"44,423.00","45,546.00","46,185.00","43,789.00",5.64K,-2.47%
08/11/2021,"45,546.00","45,612.00","46,725.00","45,358.00",4.32K,-0.14%
08/10/2021,"45,612.00","46,291.00","46,674.00","44,644.00",6.37K,-1.47%
08/09/2021,"46,293.00","43,770.00","46,432.20","42,792.00",10.72K,5.76%
08/08/2021,"43,770.00","44,589.00","45,249.00","43,300.00",8.16K,-1.84%
08/07/2021,"44,589.00","42,830.00","44,689.20","42,464.00",9.32K,4.11%
08/06/2021,"42,830.00","40,887.00","43,294.00","39,933.00",6.46K,4.75%
08/05/2021,"40,887.00","39,741.00","41,352.00","37,361.00",6.43K,2.85%
08/04/2021,"39,754.00","38,219.00","39,965.00","37,564.00",3.67K,4.05%
08/03/2021,"38,207.00","39,156.00","39,774.00","37,700.00",5.08K,-2.42%
08/02/2021,"39,156.00","39,922.00","40,441.00","38,716.00",4.62K,-1.92%
08/01/2021,"39,922.00","41,409.00","42,532.00","39,596.00",9.11K,-3.59%
31/07/2021,"41,409.00","42,169.00","42,317.00","41,051.00",5.07K,-1.80%
30/07/2021,"42,169.00","40,034.40","42,244.00","38,373.00",7.77K,5.31%
29/07/2021,"40,041.00","40,004.00","40,623.00","39,282.00",4.07K,0.09%
28/07/2021,"40,004.00","39,563.00","40,899.00","38,822.00",7.98K,1.11%
27/07/2021,"39,563.00","37,296.00","39,563.00","36,436.00",6.04K,6.08%
26/07/2021,"37,296.00","35,422.00","40,515.60","35,276.00",16.31K,5.34%
25/07/2021,"35,407.00","34,620.00","35,430.00","33,906.00",2.78K,4.62%
24/07/2021,"33,845.00","33,597.10","34,043.00","33,422.00",3.34K,0.74%
23/07/2021,"33,597.10","32,320.00","33,625.30","32,020.00",3.97K,3.95%
22/07/2021,"32,320.00","32,141.00","32,609.70","31,747.00",5.23K,0.56%
21/07/2021,"32,141.00","29,806.10","32,804.00","29,545.00",8.25K,7.83%
20/07/2021,"29,806.10","30,847.00","31,075.00","29,341.00",8.88K,-3.37%
19/07/2021,"30,847.00","31,824.00","31,924.00","30,514.00",12.80K,-3.07%
18/07/2021,"31,824.00","31,559.00","32,427.00","31,211.80",12.41K,0.84%
17/07/2021,"31,559.00","31,427.00","31,975.00","31,224.00",13.71K,0.41%
16/07/2021,"31,429.00","31,875.00","32,266.00","31,055.00",5.38K,-1.34%
15/07/2021,"31,857.00","32,822.60","33,194.00","31,170.00",6.96K,-2.94%
14/07/2021,"32,822.60","32,727.00","33,117.00","31,596.00",5.19K,0.29%
13/07/2021,"32,727.00","33,090.00","33,333.00","32,210.00",4.02K,-1.10%
07/12/2021,"33,090.00","34,239.00","34,624.00","32,616.00",8.41K,-3.36%
07/11/2021,"34,239.00","33,506.00","34,584.00","33,317.00",2.15K,2.19%
07/10/2021,"33,506.00","33,769.00","34,221.00","33,024.00",6.46K,-0.78%
07/09/2021,"33,769.00","32,873.90","34,044.00","32,574.00",6.66K,2.72%
07/08/2021,"32,873.90","33,886.00","33,939.00","32,063.00",14.29K,-2.99%
07/07/2021,"33,886.00","34,256.00","35,076.00","33,826.00",3.51K,-0.74%
07/06/2021,"34,140.00","33,668.00","34,858.80","33,668.00",8.81K,1.40%
07/05/2021,"33,668.00","35,289.00","35,289.00","33,479.20",7.72K,-4.59%
07/04/2021,"35,289.00","35,494.00","35,782.00","35,289.00",2.93K,1.53%
07/03/2021,"34,758.00","33,816.00","34,762.00","33,561.60",2.89K,2.79%
07/02/2021,"33,816.00","33,554.40","33,924.00","32,727.00",5.15K,0.78%
07/01/2021,"33,554.40","35,043.50","35,043.50","32,821.00",5.82K,-4.25%
30/06/2021,"35,043.50","35,895.90","35,981.00","34,754.00",3.45K,-2.37%
29/06/2021,"35,895.90","34,484.00","36,411.00","34,316.70",5.51K,4.09%
28/06/2021,"34,484.00","34,717.00","35,168.00","34,152.00",6.18K,-0.67%
27/06/2021,"34,717.00","32,359.00","34,717.00","32,359.00",28.71K,7.29%
26/06/2021,"32,359.00","31,584.70","32,359.00","30,331.00",20.53K,2.45%
25/06/2021,"31,584.00","34,656.60","34,915.00","31,584.00",37.67K,-8.87%
24/06/2021,"34,656.60","33,703.00","35,137.20","32,530.00",4.86K,2.83%
23/06/2021,"33,703.00","32,553.00","34,196.00","32,553.00",9.14K,3.53%
22/06/2021,"32,553.00","31,761.00","33,300.00","29,927.00",26.87K,2.49%
21/06/2021,"31,761.00","35,631.00","35,631.00","31,475.00",23.45K,-10.86%
20/06/2021,"35,631.00","35,585.80","35,966.00","33,725.00",16.93K,0.13%
19/06/2021,"35,585.80","35,802.00","36,236.00","35,460.00",11.57K,-0.60%
18/06/2021,"35,802.00","38,061.00","38,061.00","35,490.00",11.42K,-5.94%
17/06/2021,"38,061.00","38,332.00","39,324.00","37,733.70",3.54K,-0.71%
16/06/2021,"38,332.00","40,139.00","40,394.00","38,332.00",6.79K,-4.50%
15/06/2021,"40,139.00","40,509.00","40,708.80","39,726.00",7.78K,-0.89%
14/06/2021,"40,500.00","39,004.00","40,732.00","38,812.00",9.73K,3.84%
13/06/2021,"39,004.00","35,531.00","39,021.10","34,984.00",8.99K,9.77%
06/12/2021,"35,531.00","37,338.00","37,338.00","35,185.00",7.38K,-4.84%
06/11/2021,"37,338.00","36,649.20","37,427.00","36,342.00",6.42K,1.88%
06/10/2021,"36,649.20","37,347.00","37,933.00","36,559.00",9.57K,-1.87%
06/09/2021,"37,347.00","33,415.00","37,490.00","32,673.00",26.97K,11.77%
06/08/2021,"33,415.00","33,596.00","33,744.80","31,547.60",12.92K,-0.54%
06/07/2021,"33,596.00","35,782.00","36,613.30","33,596.00",9.97K,-6.11%
06/06/2021,"35,782.00","35,543.00","36,238.00","35,496.00",6.51K,0.67%
06/05/2021,"35,543.00","36,844.00","37,690.30","35,296.00",6.59K,-3.56%
06/04/2021,"36,854.00","39,209.00","39,209.00","36,532.00",5.93K,-6.01%
06/03/2021,"39,209.00","37,590.00","39,209.00","37,371.00",5.75K,4.31%
06/02/2021,"37,590.00","36,672.60","38,053.00","36,192.30",3.97K,2.50%
06/01/2021,"36,672.60","37,305.00","37,624.80","35,928.00",5.29K,-1.70%
31/05/2021,"37,305.00","35,615.00","37,305.00","34,527.00",5.98K,4.75%
30/05/2021,"35,615.00","34,570.00","36,138.00","33,680.00",6.02K,3.02%
29/05/2021,"34,570.00","35,667.00","36,910.50","33,681.00",7.76K,-3.08%
28/05/2021,"35,667.00","38,484.70","38,484.70","35,028.00",10.22K,-7.20%
27/05/2021,"38,435.00","39,301.00","40,120.00","37,381.00",5.55K,-2.20%
26/05/2021,"39,301.00","38,363.00","40,497.80","38,020.20",8.61K,2.45%
25/05/2021,"38,363.00","38,772.90","39,761.00","36,760.50",7.77K,-1.06%
24/05/2021,"38,772.90","34,730.30","39,201.00","34,730.30",15.13K,11.64%
23/05/2021,"34,730.30","37,585.00","38,186.00","32,623.00",25.99K,-7.60%
22/05/2021,"37,585.00","37,415.00","38,662.00","36,150.00",13.56K,0.45%
21/05/2021,"37,415.00","40,550.10","41,500.00","35,188.00",23.31K,-7.79%
20/05/2021,"40,578.00","36,755.00","41,827.00","35,198.40",25.60K,10.40%
19/05/2021,"36,755.00","42,935.00","42,935.00","35,303.40",67.82K,-14.39%
18/05/2021,"42,935.00","43,544.00","45,474.00","42,611.80",10.72K,-1.40%
17/05/2021,"43,544.00","46,569.00","46,569.00","42,304.00",37.72K,-6.52%
16/05/2021,"46,582.90","46,784.90","49,460.00","45,340.00",19.06K,-0.43%
15/05/2021,"46,784.90","49,917.00","50,526.20","46,784.90",9.49K,-6.27%
14/05/2021,"49,917.00","49,747.00","51,168.00","49,289.00",6.05K,0.34%
13/05/2021,"49,747.00","49,725.00","51,154.00","48,120.60",21.16K,0.04%
05/12/2021,"49,725.00","56,715.00","57,688.00","49,725.00",14.96K,-12.32%
05/11/2021,"56,715.00","55,851.00","56,724.00","54,789.00",7.69K,1.55%
05/10/2021,"55,851.00","58,276.00","59,454.30","55,448.00",13.49K,-4.16%
05/09/2021,"58,276.00","58,894.00","58,956.50","56,977.00",8.48K,-1.05%
05/08/2021,"58,894.00","57,349.00","59,327.00","57,317.00",7.61K,2.69%
05/07/2021,"57,349.00","56,451.00","58,101.00","55,606.00",6.93K,1.59%
05/06/2021,"56,451.00","57,487.00","57,843.00","55,897.00",10.44K,-1.79%
05/05/2021,"57,477.00","52,960.00","57,477.00","52,960.00",7.66K,7.91%
05/04/2021,"53,264.00","57,147.00","57,147.00","53,264.00",10.03K,-6.79%
05/03/2021,"57,147.00","56,605.00","58,686.00","56,605.00",7.63K,0.96%
05/02/2021,"56,605.00","57,774.00","57,774.00","56,385.00",4.20K,-2.02%
05/01/2021,"57,774.00","57,634.70","58,265.00","57,259.00",4.32K,0.24%
30/04/2021,"57,637.00","53,566.00","57,637.00","53,339.00",7.86K,7.60%
29/04/2021,"53,566.00","54,860.00","54,860.00","52,631.00",7.08K,-2.36%
28/04/2021,"54,860.00","55,044.00","55,575.00","54,090.00",5.76K,-0.33%
27/04/2021,"55,044.00","54,103.00","55,215.00","53,660.00",7.24K,1.74%
26/04/2021,"54,103.00","49,129.00","54,214.00","49,129.00",11.01K,10.15%
25/04/2021,"49,116.30","50,167.00","50,539.00","48,409.80",9.60K,-2.09%
24/04/2021,"50,167.00","51,139.00","51,139.00","49,572.00",5.98K,-1.90%
23/04/2021,"51,139.00","51,781.30","51,781.30","48,719.60",17.25K,-1.24%
22/04/2021,"51,781.30","53,822.00","55,067.00","51,781.30",12.69K,-3.79%
21/04/2021,"53,822.00","56,476.00","56,476.00","53,822.00",7.10K,-4.70%
20/04/2021,"56,476.00","55,639.00","56,950.00","54,398.00",8.39K,1.50%
19/04/2021,"55,639.00","56,173.00","57,359.00","54,912.80",8.57K,-0.93%
18/04/2021,"56,163.00","59,970.00","60,223.00","54,416.80",26.33K,-6.35%
17/04/2021,"59,970.00","61,325.00","62,367.70","59,970.00",7.02K,-2.21%
16/04/2021,"61,325.00","63,196.00","63,453.00","60,286.00",11.54K,-2.96%
15/04/2021,"63,196.00","62,907.00","63,475.00","62,348.00",6.61K,0.40%
14/04/2021,"62,942.70","63,518.00","64,374.00","62,065.00",10.93K,-0.91%
13/04/2021,"63,518.00","59,900.00","63,518.00","59,900.00",11.26K,6.04%
04/12/2021,"59,900.00","60,034.80","60,701.00","59,747.00",5.50K,-0.22%
04/11/2021,"60,034.80","59,823.80","60,486.00","59,411.00",4.65K,0.35%
04/10/2021,"59,823.80","58,114.00","60,984.00","58,114.00",9.79K,2.94%
04/09/2021,"58,114.00","58,110.00","58,683.00","57,849.00",3.75K,0.01%
04/08/2021,"58,110.00","55,960.00","58,110.00","55,960.00",4.48K,3.84%
04/07/2021,"55,960.00","57,991.00","58,490.00","55,960.00",8.85K,-3.50%
04/06/2021,"57,991.00","59,145.00","59,200.00","57,603.00",5.62K,-1.95%
04/05/2021,"59,145.00","58,240.00","59,145.00","57,034.00",5.59K,1.55%
04/04/2021,"58,240.00","57,023.00","58,240.00","57,023.00",4.97K,2.13%
04/03/2021,"57,023.00","58,959.00","59,499.00","57,023.00",6.63K,-3.28%
04/02/2021,"58,959.00","58,727.40","59,834.00","58,727.40",6.15K,0.39%
04/01/2021,"58,727.40","58,796.00","59,172.90","58,498.00",4.35K,-0.12%
31/03/2021,"58,796.00","58,841.00","59,453.00","57,698.00",8.12K,-0.08%
30/03/2021,"58,841.00","57,672.30","59,349.00","57,278.00",7.87K,2.03%
29/03/2021,"57,672.30","55,773.00","58,162.00","54,984.00",10.12K,3.41%
28/03/2021,"55,773.00","55,886.00","56,326.00","55,089.00",4.21K,-0.20%
27/03/2021,"55,886.00","54,992.90","56,249.00","54,373.00",5.18K,1.62%
26/03/2021,"54,992.90","51,363.00","54,992.90","51,363.00",7.71K,7.07%
25/03/2021,"51,363.00","52,347.20","52,926.00","50,874.00",11.59K,-1.88%
24/03/2021,"52,347.20","54,331.00","56,919.00","52,347.20",14.08K,-3.65%
23/03/2021,"54,331.00","54,074.00","55,646.90","53,541.20",6.57K,0.48%
22/03/2021,"54,074.00","57,368.00","58,036.00","54,074.00",8.72K,-5.74%
21/03/2021,"57,368.00","58,087.00","58,499.50","56,200.00",8.29K,-1.24%
20/03/2021,"58,087.00","58,074.00","59,421.00","58,074.00",6.78K,0.02%
19/03/2021,"58,074.00","57,640.00","58,961.00","57,030.00",6.48K,0.75%
18/03/2021,"57,640.00","58,870.00","59,799.00","57,580.00",7.24K,-2.09%
17/03/2021,"58,870.00","56,924.00","58,870.00","54,576.00",11.27K,3.42%
16/03/2021,"56,924.00","55,644.00","56,924.00","54,049.00",10.49K,2.30%
15/03/2021,"55,644.00","59,005.00","60,141.10","55,644.00",14.78K,-5.70%
14/03/2021,"59,005.00","61,207.00","61,468.00","59,005.00",6.64K,-3.60%
13/03/2021,"61,207.00","57,315.00","61,207.00","56,488.00",13.70K,6.79%
03/12/2021,"57,315.00","57,869.00","57,869.00","55,946.00",9.56K,-0.96%
03/11/2021,"57,869.00","55,939.00","57,921.00","54,834.00",8.66K,3.42%
03/10/2021,"55,955.20","54,950.00","57,033.00","53,698.70",10.68K,1.83%
03/09/2021,"54,949.40","52,395.00","54,949.40","52,395.00",8.20K,4.88%
03/08/2021,"52,395.00","51,031.20","52,395.00","49,821.00",6.15K,2.67%
03/07/2021,"51,031.20","48,895.00","51,031.20","48,895.00",5.37K,4.37%
03/06/2021,"48,895.00","48,811.00","49,043.10","47,515.40",4.21K,0.17%
03/05/2021,"48,811.00","48,368.00","49,277.00","46,662.00",9.42K,0.92%
03/04/2021,"48,368.00","50,425.00","51,556.00","48,059.00",9.56K,-4.08%
03/03/2021,"50,425.00","48,526.00","52,018.00","48,526.00",8.60K,3.91%
03/02/2021,"48,526.00","49,572.00","49,572.00","47,453.60",8.37K,-2.11%
03/01/2021,"49,572.00","45,300.00","49,572.00","45,300.00",9.42K,9.43%
28/02/2021,"45,300.00","46,217.00","46,360.50","43,380.00",13.54K,-1.98%
27/02/2021,"46,217.00","46,319.00","47,766.90","46,217.00",7.60K,-0.22%
26/02/2021,"46,319.00","47,144.00","48,250.00","45,320.00",22.33K,-1.75%
25/02/2021,"47,144.00","49,715.00","51,511.00","47,144.00",9.55K,-5.17%
24/02/2021,"49,715.00","48,888.00","51,043.00","47,179.00",12.00K,1.69%
23/02/2021,"48,888.00","54,078.00","54,078.00","45,343.50",32.59K,-9.60%
22/02/2021,"54,078.00","57,376.00","57,376.00","48,383.00",27.31K,-5.75%
21/02/2021,"57,376.00","55,838.00","58,238.00","55,639.00",6.69K,2.75%
20/02/2021,"55,838.00","55,847.00","57,352.00","55,182.00",11.63K,-0.02%
19/02/2021,"55,847.00","51,566.00","56,093.00","51,079.00",11.80K,8.30%
18/02/2021,"51,566.00","52,060.00","52,433.00","51,356.90",5.87K,-0.95%
17/02/2021,"52,060.00","49,225.00","52,284.00","49,225.00",9.21K,5.76%
16/02/2021,"49,225.00","47,941.00","49,533.50","47,643.00",13.04K,2.68%
15/02/2021,"47,941.00","48,587.00","48,694.00","46,563.00",9.88K,-1.33%
14/02/2021,"48,587.00","47,177.00","49,279.00","47,177.00",7.34K,2.99%
13/02/2021,"47,177.00","47,389.00","47,939.00","46,582.00",5.23K,-0.45%
02/12/2021,"47,389.00","47,966.00","48,540.00","47,072.00",10.79K,-1.20%
02/11/2021,"47,966.00","44,835.00","47,981.00","44,444.00",10.30K,6.98%
02/10/2021,"44,835.00","46,486.00","47,056.00","44,541.00",10.02K,-3.55%
02/09/2021,"46,486.00","46,440.00","48,004.00","45,882.00",15.90K,0.10%
02/08/2021,"46,440.00","38,841.00","46,440.00","38,250.00",24.79K,19.56%
02/07/2021,"38,841.00","39,257.00","39,561.00","38,061.00",7.63K,-1.06%
02/06/2021,"39,257.00","38,260.00","40,780.00","38,260.00",10.18K,2.61%
02/05/2021,"38,260.00","36,975.00","38,260.00","36,759.00",4.48K,3.48%
02/04/2021,"36,975.00","37,677.00","37,998.00","36,521.00",6.42K,-1.86%
02/03/2021,"37,677.00","35,563.00","37,677.00","35,563.00",8.80K,5.94%
02/02/2021,"35,563.00","33,559.00","35,960.00","33,559.00",7.01K,5.97%
02/01/2021,"33,559.00","33,141.00","34,460.10","32,595.00",5.30K,1.26%
31/01/2021,"33,141.00","34,334.00","34,334.00","32,270.00",5.82K,-3.47%
30/01/2021,"34,334.00","34,268.00","34,791.00","33,136.60",7.29K,0.16%
29/01/2021,"34,280.70","33,350.00","38,056.00","32,466.00",28.64K,2.85%
28/01/2021,"33,331.00","30,454.00","33,418.00","30,344.00",9.17K,9.45%
27/01/2021,"30,454.00","32,519.00","32,519.00","29,815.00",14.77K,-6.35%
26/01/2021,"32,519.00","32,268.10","32,735.10","31,434.00",8.54K,0.78%
25/01/2021,"32,268.10","32,298.00","34,693.00","32,268.10",9.23K,-0.09%
24/01/2021,"32,298.00","32,099.00","32,830.00","31,481.00",5.89K,0.62%
23/01/2021,"32,099.00","33,062.00","33,062.00","31,773.00",7.07K,-2.91%
22/01/2021,"33,062.00","30,852.00","33,631.00","28,991.00",15.72K,7.09%
21/01/2021,"30,873.00","35,522.00","35,522.00","30,609.00",22.35K,-13.09%
20/01/2021,"35,521.10","35,915.00","36,263.00","33,447.00",14.14K,-1.22%
19/01/2021,"35,958.00","36,699.00","37,673.00","35,958.00",9.61K,-2.02%
18/01/2021,"36,699.00","35,913.00","36,906.00","35,180.00",8.41K,2.22%
17/01/2021,"35,903.00","36,061.00","36,570.00","33,914.00",9.85K,-0.42%
16/01/2021,"36,055.00","36,741.00","37,750.00","35,809.00",10.84K,-1.87%
15/01/2021,"36,741.00","39,145.00","39,476.00","35,268.00",15.55K,-6.20%
14/01/2021,"39,170.00","37,374.00","39,750.00","37,193.00",12.97K,4.80%
13/01/2021,"37,375.00","34,106.00","37,418.00","33,160.00",14.89K,9.59%
01/12/2021,"34,103.00","35,448.00","35,838.60","33,616.00",22.18K,-3.87%
01/11/2021,"35,476.00","38,226.00","38,226.00","31,842.00",48.04K,-7.19%
01/10/2021,"38,226.00","40,171.00","41,209.30","37,436.00",19.01K,-4.84%
01/09/2021,"40,171.00","40,509.00","41,046.00","38,966.00",8.17K,-0.83%
01/08/2021,"40,509.00","39,407.00","41,616.00","37,723.00",21.79K,2.80%
01/07/2021,"39,407.00","36,755.00","39,672.00","36,755.00",22.11K,7.22%
01/06/2021,"36,755.00","33,986.00","36,755.00","33,901.00",18.62K,8.12%
01/05/2021,"33,996.00","32,020.00","33,996.00","30,979.10",14.48K,6.17%
01/04/2021,"32,020.00","32,971.00","33,403.00","29,178.00",24.68K,-2.88%
01/03/2021,"32,971.00","32,183.00","34,253.00","32,110.00",18.91K,2.44%
01/02/2021,"32,185.00","29,346.00","33,168.00","29,192.00",22.01K,9.67%
01/01/2021,"29,346.00","28,933.00","29,498.00","28,932.00",8.33K,1.43%
31/12/2020,"28,933.00","28,880.00","29,133.00","28,358.00",12.22K,0.18%
30/12/2020,"28,880.00","27,316.00","28,892.00","27,316.00",10.51K,5.73%
29/12/2020,"27,315.00","27,058.00","27,315.00","25,923.00",8.92K,0.95%
28/12/2020,"27,058.00","26,241.00","27,308.00","26,241.00",7.60K,3.11%
27/12/2020,"26,241.00","26,410.00","28,051.10","26,241.00",17.96K,-0.65%
26/12/2020,"26,412.00","24,717.00","26,577.00","24,566.00",13.15K,6.86%
25/12/2020,"24,717.00","23,743.00","24,717.00","23,491.00",13.78K,4.14%
24/12/2020,"23,735.00","23,234.00","23,735.00","22,860.00",4.75K,2.16%
23/12/2020,"23,234.00","23,805.00","23,916.00","22,917.00",12.07K,-2.40%
22/12/2020,"23,805.00","22,701.00","23,805.00","22,489.70",7.41K,4.86%
21/12/2020,"22,701.00","23,432.70","23,901.00","22,483.00",14.18K,-3.10%
20/12/2020,"23,427.00","23,804.00","24,099.00","23,331.70",9.60K,-1.58%
19/12/2020,"23,804.00","23,127.00","24,058.00","22,966.00",9.67K,2.93%
18/12/2020,"23,127.00","22,806.60","23,142.00","22,544.00",7.28K,1.41%
17/12/2020,"22,806.60","21,322.00","23,492.00","21,322.00",22.87K,6.96%
16/12/2020,"21,322.00","19,459.00","21,322.00","19,388.00",21.07K,9.57%
15/12/2020,"19,459.00","19,282.00","19,548.00","19,135.00",6.93K,0.92%
14/12/2020,"19,281.00","19,180.00","19,281.00","19,076.00",2.53K,0.53%
13/12/2020,"19,180.00","18,818.00","19,338.10","18,747.00",4.83K,1.96%
12/12/2020,"18,810.60","18,050.00","18,821.00","18,050.00",3.68K,4.21%
12/11/2020,"18,050.00","18,260.00","18,260.00","17,764.00",6.57K,-1.15%
12/10/2020,"18,260.00","18,560.00","18,560.00","18,155.00",3.66K,-1.62%
12/09/2020,"18,560.00","18,337.00","18,630.00","17,827.00",9.77K,1.23%
12/08/2020,"18,335.00","19,196.00","19,299.00","18,335.00",9.62K,-4.49%
12/07/2020,"19,196.00","19,410.00","19,410.00","18,959.40",2.29K,-1.10%
12/06/2020,"19,410.00","19,157.00","19,410.00","19,015.60",4.33K,1.32%
12/05/2020,"19,157.00","18,657.00","19,157.00","18,657.00",3.66K,2.68%
12/04/2020,"18,657.00","19,452.00","19,452.00","18,657.00",8.65K,-4.06%
12/03/2020,"19,447.00","19,241.00","19,560.00","18,999.40",5.25K,1.07%
12/02/2020,"19,241.00","18,807.00","19,275.00","18,538.00",7.63K,2.31%
12/01/2020,"18,807.00","19,695.00","19,733.00","18,727.00",21.94K,-4.47%
30/11/2020,"19,686.00","18,196.00","19,723.00","18,196.00",14.95K,8.19%
29/11/2020,"18,196.00","17,746.00","18,212.00","17,579.20",3.99K,2.54%
28/11/2020,"17,746.00","17,169.30","17,800.00","16,997.00",5.75K,3.36%
27/11/2020,"17,169.30","17,211.70","17,492.00","16,614.90",11.21K,-0.29%
26/11/2020,"17,219.00","18,727.00","18,824.00","16,592.00",34.34K,-8.07%
25/11/2020,"18,730.00","19,134.80","19,303.00","18,730.00",13.48K,-2.12%
24/11/2020,"19,134.80","18,373.00","19,349.00","18,357.00",14.94K,4.15%
23/11/2020,"18,373.00","18,399.00","18,655.00","18,158.00",8.76K,-0.14%
22/11/2020,"18,399.00","18,660.00","18,668.00","18,122.00",9.10K,-1.40%
21/11/2020,"18,660.00","18,669.00","18,944.50","18,521.00",6.62K,-0.05%
20/11/2020,"18,669.00","17,810.00","18,699.70","17,810.00",7.97K,4.82%
19/11/2020,"17,810.00","17,773.00","18,140.00","17,486.00",5.57K,0.21%
18/11/2020,"17,773.00","17,674.90","18,212.00","17,378.60",17.52K,0.56%
17/11/2020,"17,674.90","16,710.00","17,740.00","16,627.00",12.21K,5.77%
16/11/2020,"16,710.00","15,962.20","16,827.60","15,906.00",6.52K,4.68%
15/11/2020,"15,962.20","16,057.00","16,095.00","15,871.00",2.56K,-0.60%
14/11/2020,"16,058.30","16,310.00","16,310.00","15,833.00",5.09K,-1.54%
13/11/2020,"16,310.00","16,296.20","16,405.00","16,079.00",7.70K,0.10%
11/12/2020,"16,294.00","15,710.00","16,294.00","15,656.00",12.30K,3.72%
11/11/2020,"15,710.00","15,312.00","15,911.60","15,312.00",6.94K,2.60%
11/10/2020,"15,312.00","15,329.00","15,402.00","15,177.00",3.74K,-0.11%
11/09/2020,"15,329.00","15,501.00","15,687.00","15,063.70",8.95K,-1.11%
11/08/2020,"15,501.00","14,844.10","15,554.20","14,844.10",6.47K,4.43%
11/07/2020,"14,844.10","15,571.70","15,610.00","14,734.00",14.37K,-4.67%
11/06/2020,"15,571.70","15,568.00","15,876.00","15,441.00",12.10K,-0.01%
11/05/2020,"15,574.00","14,160.00","15,574.00","14,160.00",15.90K,9.99%
11/04/2020,"14,160.00","14,025.00","14,160.00","13,643.00",10.10K,0.96%
11/03/2020,"14,025.00","13,562.00","14,025.00","13,401.00",5.81K,3.41%
11/02/2020,"13,563.00","13,756.00","13,828.50","13,414.00",6.59K,-1.40%
11/01/2020,"13,756.00","13,788.00","13,829.00","13,679.50",3.11K,-0.23%
31/10/2020,"13,788.00","13,568.00","13,958.00","13,499.00",8.95K,1.62%
30/10/2020,"13,568.00","13,451.00","13,642.20","13,250.00",4.66K,0.87%
29/10/2020,"13,451.00","13,272.00","13,555.10","13,153.00",4.07K,1.35%
28/10/2020,"13,272.00","13,626.30","13,763.00","13,041.20",7.11K,-2.60%
27/10/2020,"13,626.30","13,061.00","13,703.50","13,061.00",8.98K,4.33%
26/10/2020,"13,061.00","13,037.00","13,205.00","12,863.00",3.68K,0.18%
25/10/2020,"13,037.00","13,127.00","13,298.00","12,990.00",3.63K,-0.72%
24/10/2020,"13,132.00","12,935.00","13,166.00","12,905.00",1.97K,1.52%
23/10/2020,"12,935.00","12,988.00","12,999.00","12,757.00",2.90K,-0.41%
22/10/2020,"12,988.00","12,810.90","13,128.00","12,738.30",6.09K,1.27%
21/10/2020,"12,825.00","11,925.00","13,099.00","11,925.00",15.40K,7.55%
20/10/2020,"11,925.00","11,757.00","11,980.00","11,723.00",5.42K,1.43%
19/10/2020,"11,757.00","11,518.00","11,764.00","11,451.00",3.77K,2.08%
18/10/2020,"11,518.00","11,375.00","11,518.00","11,366.00",1.32K,1.26%
17/10/2020,"11,375.00","11,325.00","11,375.00","11,325.00",1.04K,0.44%
16/10/2020,"11,325.00","11,509.00","11,540.00","11,268.20",3.46K,-1.60%
15/10/2020,"11,509.00","11,440.00","11,513.00","11,335.00",4.26K,0.60%
14/10/2020,"11,440.00","11,442.00","11,547.00","11,347.00",2.69K,-0.02%
13/10/2020,"11,442.00","11,560.00","11,560.00","11,392.50",3.91K,-1.02%
10/12/2020,"11,560.00","11,385.00","11,698.90","11,284.00",6.37K,1.54%
10/11/2020,"11,385.00","11,308.00","11,430.00","11,308.00",1.48K,0.68%
10/10/2020,"11,308.00","11,071.00","11,450.00","11,071.00",4.17K,2.14%
10/09/2020,"11,071.00","10,943.00","11,102.40","10,878.00",2.57K,1.17%
10/08/2020,"10,943.00","10,687.00","10,943.00","10,577.00",3.64K,2.40%
10/07/2020,"10,687.00","10,613.70","10,687.00","10,584.10",1.67K,0.69%
10/06/2020,"10,613.70","10,807.00","10,807.00","10,592.00",3.22K,-1.79%
10/05/2020,"10,807.00","10,687.00","10,807.00","10,669.00",1.78K,1.12%
10/04/2020,"10,687.00","10,558.60","10,694.10","10,557.60",1.63K,1.22%
10/03/2020,"10,558.60","10,586.00","10,608.00","10,535.00",0.83K,-0.26%
10/02/2020,"10,586.00","10,634.00","10,634.00","10,476.00",3.74K,-0.45%
10/01/2020,"10,634.00","10,795.00","10,909.00","10,523.00",5.68K,-1.48%
30/09/2020,"10,794.00","10,856.00","10,856.00","10,715.00",1.50K,-0.57%
29/09/2020,"10,856.00","10,712.00","10,856.00","10,697.00",1.79K,1.34%
28/09/2020,"10,712.00","10,803.00","10,941.00","10,712.00",3.79K,-0.84%
27/09/2020,"10,803.00","10,750.00","10,807.10","10,664.00",1.75K,0.49%
26/09/2020,"10,750.00","10,708.00","10,776.90","10,700.70",0.94K,0.39%
25/09/2020,"10,708.00","10,754.00","10,765.00","10,629.00",2.35K,-0.43%
24/09/2020,"10,754.00","10,263.00","10,760.00","10,263.00",3.20K,4.78%
23/09/2020,"10,263.00","10,549.00","10,549.00","10,255.00",3.09K,-2.71%
22/09/2020,"10,549.00","10,435.00","10,589.00","10,435.00",2.41K,1.10%
21/09/2020,"10,434.00","10,934.50","10,980.90","10,434.00",6.01K,-4.58%
20/09/2020,"10,934.50","11,099.00","11,099.00","10,848.20",1.82K,-1.48%
19/09/2020,"11,099.00","10,957.20","11,127.00","10,957.20",2.47K,1.29%
18/09/2020,"10,957.20","10,959.00","11,022.00","10,868.00",2.26K,-0.02%
17/09/2020,"10,959.00","10,971.30","11,040.40","10,812.70",2.51K,-0.11%
16/09/2020,"10,971.30","10,797.00","11,091.00","10,690.90",4.80K,1.61%
15/09/2020,"10,797.00","10,690.00","10,899.90","10,690.00",4.99K,1.04%
14/09/2020,"10,686.00","10,331.00","10,754.00","10,331.00",3.68K,3.44%
13/09/2020,"10,331.00","10,458.00","10,560.00","10,244.00",4.04K,-1.21%
09/12/2020,"10,458.00","10,405.00","10,463.50","10,352.00",1.43K,0.51%
09/11/2020,"10,405.00","10,355.00","10,405.00","10,220.00",2.47K,0.48%
09/10/2020,"10,355.00","10,240.00","10,407.00","10,240.00",3.55K,1.12%
09/09/2020,"10,240.00","10,149.80","10,324.00","10,030.00",2.41K,0.89%
09/08/2020,"10,149.80","10,397.00","10,397.00","10,007.00",6.76K,-2.38%
09/07/2020,"10,397.00","10,276.00","10,397.00","9,964.10",6.30K,1.18%
09/06/2020,"10,276.00","10,196.90","10,325.00","10,122.00",2.76K,0.77%
09/05/2020,"10,197.00","10,484.70","10,517.70","10,046.20",8.51K,-2.74%
09/04/2020,"10,484.70","10,170.00","10,593.00","10,170.00",13.59K,3.09%
09/03/2020,"10,170.00","11,408.00","11,408.00","10,011.00",15.88K,-10.85%
09/02/2020,"11,408.00","11,942.00","11,942.00","11,334.00",6.19K,-4.47%
09/01/2020,"11,942.00","11,671.00","12,037.00","11,616.00",5.02K,2.32%
31/08/2020,"11,671.00","11,729.90","11,734.00","11,639.10",2.24K,-0.50%
30/08/2020,"11,729.90","11,492.00","11,729.90","11,492.00",2.10K,2.07%
29/08/2020,"11,492.00","11,545.00","11,587.00","11,476.30",1.52K,-0.46%
28/08/2020,"11,545.00","11,343.00","11,545.00","11,343.00",2.02K,1.78%
27/08/2020,"11,343.00","11,471.10","11,471.10","11,254.00",4.81K,-1.12%
26/08/2020,"11,471.00","11,341.00","11,482.00","11,316.00",2.48K,1.15%
25/08/2020,"11,341.00","11,768.00","11,768.00","11,200.00",6.16K,-3.63%
24/08/2020,"11,768.00","11,663.00","11,817.90","11,616.80",1.99K,0.90%
23/08/2020,"11,663.00","11,685.00","11,692.60","11,551.00",1.93K,-0.19%
22/08/2020,"11,685.00","11,531.00","11,690.70","11,449.00",3.46K,1.34%
21/08/2020,"11,531.00","11,884.00","11,889.00","11,531.00",6.10K,-2.97%
20/08/2020,"11,884.00","11,778.00","11,900.00","11,719.00",2.73K,0.90%
19/08/2020,"11,778.00","11,961.80","12,004.00","11,694.60",6.29K,-1.54%
18/08/2020,"11,961.80","12,300.00","12,359.00","11,927.20",7.18K,-2.75%
17/08/2020,"12,300.00","11,925.00","12,415.00","11,826.10",10.12K,3.14%
16/08/2020,"11,925.00","11,873.40","11,925.00","11,781.00",2.71K,0.43%
15/08/2020,"11,873.40","11,761.00","11,977.40","11,761.00",4.04K,0.96%
14/08/2020,"11,761.00","11,792.50","11,824.00","11,699.00",4.65K,-0.27%
13/08/2020,"11,792.50","11,589.00","11,792.50","11,388.00",5.78K,1.74%
08/12/2020,"11,591.00","11,379.80","11,591.00","11,257.00",5.82K,1.86%
08/11/2020,"11,379.80","11,892.00","11,912.00","11,278.00",7.11K,-4.31%
08/10/2020,"11,892.00","11,675.70","12,024.00","11,675.70",6.57K,1.85%
08/09/2020,"11,675.70","11,764.00","11,782.00","11,572.00",1.57K,-0.75%
08/08/2020,"11,764.00","11,580.00","11,772.00","11,564.00",1.87K,1.59%
08/07/2020,"11,580.00","11,759.00","11,845.00","11,509.00",5.09K,-1.52%
08/06/2020,"11,759.00","11,735.80","11,858.00","11,649.70",3.90K,0.20%
08/05/2020,"11,735.80","11,184.00","11,735.80","11,182.00",5.79K,4.93%
08/04/2020,"11,184.00","11,226.50","11,346.80","11,096.00",3.26K,-0.38%
08/03/2020,"11,226.50","11,053.80","11,389.00","11,053.80",4.09K,1.56%
08/02/2020,"11,053.80","11,804.70","11,917.00","11,032.00",13.22K,-6.36%
08/01/2020,"11,804.70","11,350.00","11,804.70","11,307.00",10.57K,4.01%
31/07/2020,"11,350.00","11,123.00","11,378.00","11,038.00",5.83K,2.04%
30/07/2020,"11,123.00","11,117.00","11,180.00","10,965.00",4.25K,0.05%
29/07/2020,"11,117.00","10,932.00","11,240.00","10,929.20",8.82K,1.69%
28/07/2020,"10,932.00","11,044.00","11,211.80","10,761.00",9.88K,-1.01%
27/07/2020,"11,044.00","9,946.30","11,249.10","9,946.30",21.58K,11.02%
26/07/2020,"9,948.10","9,714.90","10,008.00","9,685.80",8.94K,2.40%
25/07/2020,"9,714.90","9,559.10","9,730.50","9,559.10",2.56K,1.63%
24/07/2020,"9,559.40","9,615.00","9,615.00","9,505.30",2.26K,-0.58%
23/07/2020,"9,615.00","9,557.70","9,642.90","9,494.60",4.70K,0.60%
22/07/2020,"9,557.70","9,402.00","9,557.70","9,349.30",4.14K,1.66%
21/07/2020,"9,402.00","9,179.20","9,434.00","9,179.20",5.40K,2.43%
20/07/2020,"9,179.20","9,231.20","9,231.20","9,169.70",1.40K,-0.56%
19/07/2020,"9,231.20","9,189.10","9,231.20","9,130.50",1.44K,0.46%
18/07/2020,"9,189.10","9,167.30","9,200.10","9,142.90",1.17K,0.24%
17/07/2020,"9,167.30","9,149.90","9,172.00","9,128.80",1.06K,0.19%
16/07/2020,"9,149.90","9,210.10","9,215.70","9,092.10",2.87K,-0.65%
15/07/2020,"9,210.10","9,263.40","9,263.40","9,195.70",0.90K,-0.58%
14/07/2020,"9,263.40","9,252.00","9,270.70","9,194.80",2.20K,0.12%
13/07/2020,"9,252.00","9,315.80","9,344.80","9,238.10",1.93K,-0.68%
07/12/2020,"9,315.80","9,246.30","9,315.80","9,195.60",1.86K,0.75%
07/11/2020,"9,246.30","9,305.70","9,305.70","9,221.80",0.81K,-0.64%
07/10/2020,"9,305.70","9,248.90","9,305.70","9,161.90",1.42K,0.61%
07/09/2020,"9,248.90","9,447.00","9,447.00","9,215.00",3.71K,-2.10%
07/08/2020,"9,447.00","9,267.50","9,480.70","9,267.50",3.81K,1.94%
07/07/2020,"9,267.50","9,361.00","9,361.00","9,255.10",1.63K,-1.00%
07/06/2020,"9,361.00","9,089.70","9,361.00","9,080.10",4.26K,2.99%
07/05/2020,"9,089.70","9,147.70","9,152.30","9,004.90",2.08K,-0.63%
07/04/2020,"9,147.70","9,073.90","9,203.50","9,060.00",1.13K,0.81%
07/03/2020,"9,073.90","9,100.00","9,135.50","9,058.10",1.09K,-0.29%
07/02/2020,"9,100.00","9,239.90","9,266.10","8,950.20",3.79K,-1.51%
07/01/2020,"9,239.90","9,150.60","9,298.00","9,109.50",2.19K,0.98%
30/06/2020,"9,150.60","9,194.40","9,206.50","9,077.10",1.83K,-0.48%
29/06/2020,"9,194.40","9,127.80","9,242.10","9,030.20",3.64K,0.73%
28/06/2020,"9,127.80","9,015.30","9,193.20","8,949.40",2.11K,1.25%
27/06/2020,"9,015.30","9,173.10","9,199.50","8,857.30",3.37K,-1.72%
26/06/2020,"9,173.10","9,257.00","9,299.00","9,054.10",3.69K,-0.91%
25/06/2020,"9,257.00","9,312.10","9,344.00","9,012.70",5.55K,-0.59%
24/06/2020,"9,312.10","9,635.10","9,684.10","9,222.30",5.52K,-3.35%
23/06/2020,"9,635.10","9,697.70","9,724.00","9,594.70",3.42K,-0.65%
22/06/2020,"9,697.70","9,298.10","9,794.20","9,285.20",5.88K,4.30%
21/06/2020,"9,298.10","9,371.30","9,431.10","9,292.10",1.34K,-0.78%
20/06/2020,"9,371.30","9,315.50","9,401.00","9,178.60",1.87K,0.60%
19/06/2020,"9,315.50","9,400.00","9,439.90","9,241.80",2.62K,-0.90%
18/06/2020,"9,400.00","9,473.30","9,496.40","9,287.20",1.66K,-0.77%
17/06/2020,"9,473.30","9,534.40","9,566.00","9,261.30",3.14K,-0.64%
16/06/2020,"9,534.40","9,435.00","9,589.90","9,388.10",3.44K,1.07%
15/06/2020,"9,433.90","9,344.80","9,510.00","8,914.90",10.16K,0.95%
14/06/2020,"9,345.40","9,480.90","9,486.00","9,262.00",2.69K,-1.43%
13/06/2020,"9,480.80","9,468.30","9,498.20","9,363.60",1.85K,0.13%
06/12/2020,"9,468.30","9,272.20","9,544.00","9,246.00",5.05K,2.11%
06/11/2020,"9,272.20","9,898.80","9,972.80","9,088.60",15.78K,-6.33%
06/10/2020,"9,898.80","9,771.90","10,004.00","9,699.30",4.46K,1.31%
06/09/2020,"9,770.80","9,784.40","9,875.90","9,582.10",3.40K,-0.13%
06/08/2020,"9,783.20","9,747.10","9,800.00","9,650.40",2.36K,0.38%
06/07/2020,"9,746.30","9,668.40","9,814.00","9,402.30",4.71K,0.81%
06/06/2020,"9,668.40","9,620.40","9,733.00","9,552.60",1.95K,0.50%
06/05/2020,"9,620.50","9,790.70","9,861.80","9,620.50",3.62K,-1.74%
06/04/2020,"9,790.70","9,672.00","9,882.10","9,477.00",4.28K,1.23%
06/03/2020,"9,672.00","9,530.00","9,684.00","9,400.00",2.66K,1.49%
06/02/2020,"9,530.00","10,221.00","10,242.00","9,197.40",21.47K,-6.76%
06/01/2020,"10,221.00","9,452.10","10,390.00","9,421.80",13.43K,8.13%
31/05/2020,"9,452.10","9,706.40","9,707.20","9,402.60",3.69K,-2.62%
30/05/2020,"9,706.40","9,426.20","9,742.00","9,338.00",6.16K,2.97%
29/05/2020,"9,426.20","9,589.30","9,618.50","9,352.30",3.88K,-1.70%
28/05/2020,"9,589.30","9,210.30","9,629.60","9,121.70",7.63K,4.11%
27/05/2020,"9,210.30","8,845.50","9,225.00","8,822.80",5.46K,4.12%
26/05/2020,"8,845.50","8,902.00","9,013.30","8,705.00",3.94K,-0.63%
25/05/2020,"8,902.00","8,711.50","8,960.80","8,628.60",5.61K,2.19%
24/05/2020,"8,711.50","9,174.60","9,300.00","8,700.00",6.73K,-5.05%
23/05/2020,"9,174.60","9,162.40","9,304.00","9,088.60",2.45K,0.13%
22/05/2020,"9,162.40","9,059.50","9,257.30","8,935.50",3.83K,1.14%
21/05/2020,"9,059.50","9,502.00","9,564.00","8,821.40",11.34K,-4.66%
20/05/2020,"9,502.00","9,770.10","9,840.60","9,305.10",9.60K,-2.74%
19/05/2020,"9,770.10","9,714.80","9,877.50","9,470.20",5.59K,0.57%
18/05/2020,"9,714.80","9,668.20","9,941.10","9,462.40",9.20K,0.48%
17/05/2020,"9,668.20","9,388.00","9,877.70","9,334.20",9.66K,2.98%
16/05/2020,"9,388.00","9,313.30","9,580.00","9,224.00",4.16K,0.80%
15/05/2020,"9,313.30","9,791.00","9,836.50","9,133.60",11.34K,-4.88%
14/05/2020,"9,791.00","9,312.00","9,937.80","9,267.50",12.87K,5.14%
13/05/2020,"9,312.00","8,811.40","9,403.20","8,799.50",9.89K,5.68%
05/12/2020,"8,811.40","8,555.00","8,967.00","8,526.60",5.65K,3.00%
05/11/2020,"8,555.00","8,726.00","9,135.80","8,211.10",20.56K,-1.96%
05/10/2020,"8,726.00","9,537.70","9,557.50","8,107.40",26.50K,-8.51%
05/09/2020,"9,537.90","9,792.20","9,900.00","9,499.00",8.26K,-2.60%
05/08/2020,"9,792.80","9,991.00","10,025.00","9,713.80",12.20K,-1.87%
05/07/2020,"9,979.60","9,150.40","10,045.00","9,050.00",19.87K,8.97%
05/06/2020,"9,157.90","9,020.00","9,415.10","8,918.30",8.73K,1.53%
05/05/2020,"9,020.10","8,871.20","9,119.80","8,770.90",7.71K,1.74%
05/04/2020,"8,865.80","8,901.60","8,959.00","8,535.00",9.32K,-0.38%
05/03/2020,"8,899.80","8,982.30","9,198.00","8,738.50",9.72K,-0.92%
05/02/2020,"8,982.30","8,822.90","8,999.00","8,763.00",5.09K,1.81%
05/01/2020,"8,822.90","8,630.80","9,069.90","8,630.80",7.92K,2.17%
30/04/2020,"8,635.30","8,773.80","9,438.80","8,416.00",29.83K,-1.57%
29/04/2020,"8,773.30","7,750.70","8,918.00","7,706.10",30.21K,13.12%
28/04/2020,"7,755.80","7,777.60","7,777.70","7,658.60",5.62K,-0.28%
27/04/2020,"7,777.70","7,698.00","7,777.70","7,623.40",6.90K,1.05%
26/04/2020,"7,697.10","7,538.50","7,697.10","7,487.00",5.32K,2.10%
25/04/2020,"7,538.50","7,508.40","7,700.00","7,450.10",5.17K,0.42%
24/04/2020,"7,506.80","7,499.00","7,614.00","7,428.30",8.80K,0.15%
23/04/2020,"7,495.20","7,133.30","7,744.90","7,047.40",16.38K,5.08%
22/04/2020,"7,133.00","6,849.90","7,164.00","6,826.20",5.15K,4.13%
21/04/2020,"6,850.00","6,835.00","6,955.60","6,770.70",6.46K,0.12%
20/04/2020,"6,841.90","7,133.40","7,235.00","6,767.10",9.96K,-4.09%
19/04/2020,"7,133.30","7,268.80","7,285.40","7,058.70",4.74K,-1.87%
18/04/2020,"7,269.10","7,045.90","7,300.10","7,044.90",5.20K,3.17%
17/04/2020,"7,045.80","7,114.70","7,158.90","7,013.40",4.68K,-0.97%
16/04/2020,"7,114.90","6,629.10","7,200.00","6,500.40",17.75K,7.25%
15/04/2020,"6,633.80","6,874.00","6,938.40","6,621.30",6.01K,-3.47%
14/04/2020,"6,872.40","6,847.90","6,984.90","6,762.90",4.30K,0.35%
13/04/2020,"6,848.70","6,916.50","6,916.50","6,576.50",12.68K,-0.93%
04/12/2020,"6,913.00","6,884.50","7,192.20","6,797.60",8.89K,0.41%
04/11/2020,"6,884.50","6,874.30","6,954.40","6,780.00",4.07K,0.13%
04/10/2020,"6,875.50","7,293.70","7,305.80","6,756.40",15.84K,-5.73%
04/09/2020,"7,293.50","7,367.10","7,370.70","7,117.00",7.75K,-1.00%
04/08/2020,"7,367.00","7,203.00","7,420.00","7,155.80",8.18K,2.28%
04/07/2020,"7,203.00","7,340.20","7,452.00","7,088.00",11.99K,-1.95%
04/06/2020,"7,346.00","6,780.20","7,350.10","6,779.90",14.59K,8.38%
04/05/2020,"6,778.00","6,880.60","6,914.70","6,693.40",5.65K,-1.51%
04/04/2020,"6,881.60","6,738.50","7,010.80","6,660.00",7.12K,2.09%
04/03/2020,"6,740.80","6,810.70","7,048.10","6,624.60",9.97K,-1.14%
04/02/2020,"6,818.30","6,685.70","7,263.30","6,591.30",20.08K,2.15%
04/01/2020,"6,675.00","6,429.00","6,714.60","6,180.00",11.23K,3.85%
31/03/2020,"6,427.70","6,409.10","6,536.00","6,350.00",5.75K,0.31%
30/03/2020,"6,407.60","5,893.70","6,627.10","5,880.90",12.38K,8.74%
29/03/2020,"5,892.60","6,252.30","6,279.60","5,892.60",11.22K,-5.71%
28/03/2020,"6,249.30","6,366.00","6,366.00","6,061.40",12.96K,-1.89%
27/03/2020,"6,370.00","6,755.00","6,856.00","6,277.80",11.08K,-5.64%
26/03/2020,"6,750.70","6,688.20","6,790.10","6,536.90",6.73K,0.93%
25/03/2020,"6,688.20","6,762.00","6,968.00","6,449.90",13.79K,-1.09%
24/03/2020,"6,762.00","6,491.20","6,838.50","6,406.10",16.62K,4.17%
23/03/2020,"6,491.20","5,820.10","6,652.40","5,682.70",19.55K,11.40%
22/03/2020,"5,827.00","6,202.70","6,410.60","5,757.30",16.28K,-6.04%
21/03/2020,"6,201.80","6,211.10","6,461.00","5,884.70",12.94K,-0.06%
20/03/2020,"6,205.80","6,173.50","6,897.00","5,687.60",31.08K,0.52%
19/03/2020,"6,173.40","5,417.10","6,412.60","5,266.40",31.25K,13.98%
18/03/2020,"5,416.20","5,339.00","5,452.70","5,033.90",21.13K,1.33%
17/03/2020,"5,345.20","5,068.30","5,564.20","4,964.40",19.60K,5.67%
16/03/2020,"5,058.50","5,381.90","5,381.90","4,468.00",41.78K,-6.03%
15/03/2020,"5,383.20","5,217.10","5,984.20","5,133.00",22.62K,3.16%
14/03/2020,"5,218.20","5,621.80","5,673.20","5,099.00",18.64K,-7.24%
13/03/2020,"5,625.40","4,873.10","5,965.30","4,001.00",102.82K,14.17%
03/12/2020,"4,927.00","7,975.30","8,001.70","4,612.10",116.68K,-38.18%
03/11/2020,"7,969.60","7,917.90","8,020.60","7,635.10",10.98K,0.71%
03/10/2020,"7,913.80","7,965.50","8,180.00","7,779.00",10.17K,-0.67%
03/09/2020,"7,967.30","8,073.80","8,214.90","7,700.00",22.56K,-1.32%
03/08/2020,"8,074.00","8,917.20","8,917.20","8,049.50",25.59K,-9.47%
03/07/2020,"8,919.00","9,180.60","9,231.10","8,884.80",4.49K,-2.85%
03/06/2020,"9,180.60","9,085.60","9,199.70","9,016.10",3.14K,0.99%
03/05/2020,"9,090.80","8,795.30","9,185.00","8,795.30",5.72K,3.44%
03/04/2020,"8,788.60","8,791.10","8,877.70","8,718.40",4.17K,-0.03%
03/03/2020,"8,791.10","8,938.50","8,940.00","8,700.00",5.32K,-1.64%
03/02/2020,"8,938.10","8,556.80","8,990.80","8,524.60",5.32K,4.35%
03/01/2020,"8,565.20","8,561.50","8,775.00","8,460.00",5.39K,0.09%
29/02/2020,"8,557.30","8,730.60","8,820.90","8,557.30",2.50K,-1.96%
28/02/2020,"8,728.00","8,826.10","8,908.30","8,455.20",7.09K,-1.11%
27/02/2020,"8,825.80","8,813.20","8,975.00","8,555.00",8.39K,0.14%
26/02/2020,"8,813.20","9,324.80","9,385.90","8,652.70",14.59K,-5.51%
25/02/2020,"9,327.50","9,674.00","9,686.60","9,251.40",8.49K,-3.58%
24/02/2020,"9,674.10","9,983.80","10,022.00","9,484.30",6.59K,-3.11%
23/02/2020,"9,985.00","9,663.00","10,001.00","9,660.20",7.30K,3.34%
22/02/2020,"9,662.40","9,693.00","9,714.00","9,565.20",1.84K,-0.32%
21/02/2020,"9,693.50","9,609.20","9,757.40","9,567.90",11.10K,0.89%
20/02/2020,"9,608.10","9,586.20","9,694.70","9,362.40",6.50K,0.17%
19/02/2020,"9,592.20","10,184.00","10,309.00","9,350.30",13.94K,-5.80%
18/02/2020,"10,183.00","9,708.00","10,275.00","9,625.90",8.25K,4.89%
17/02/2020,"9,708.00","9,929.70","9,963.80","9,501.50",9.30K,-2.23%
16/02/2020,"9,929.70","9,901.00","10,037.00","9,651.40",6.93K,0.29%
15/02/2020,"9,901.00","10,335.00","10,370.00","9,800.30",6.40K,-4.20%
14/02/2020,"10,335.00","10,222.00","10,371.00","10,101.00",4.13K,1.11%
13/02/2020,"10,222.00","10,338.00","10,489.00","10,080.00",8.98K,-1.13%
02/12/2020,"10,339.00","10,249.00","10,458.00","10,238.00",8.71K,0.90%
02/11/2020,"10,247.00","9,851.20","10,316.00","9,720.00",8.45K,4.03%
02/10/2020,"9,850.20","10,151.50","10,187.00","9,737.80",8.52K,-2.96%
02/09/2020,"10,151.00","9,877.30","10,161.00","9,871.10",9.64K,2.77%
02/08/2020,"9,877.20","9,805.20","9,920.70","9,657.80",5.53K,0.73%
02/07/2020,"9,805.20","9,745.00","9,859.60","9,695.50",3.70K,0.62%
02/06/2020,"9,744.90","9,612.00","9,860.00","9,547.00",8.58K,1.38%
02/05/2020,"9,612.00","9,197.50","9,731.20","9,180.20",10.77K,4.51%
02/04/2020,"9,197.40","9,309.20","9,359.80","9,112.50",4.07K,-1.20%
02/03/2020,"9,309.30","9,353.10","9,625.30","9,247.10",6.72K,-0.47%
02/02/2020,"9,353.10","9,408.00","9,501.00","9,175.40",6.44K,-0.61%
02/01/2020,"9,410.60","9,371.30","9,476.40","9,318.10",2.53K,0.46%
31/01/2020,"9,367.40","9,512.70","9,519.90","9,221.90",4.87K,-1.53%
30/01/2020,"9,512.70","9,305.10","9,550.00","9,175.70",9.02K,2.24%
29/01/2020,"9,304.20","9,390.90","9,442.00","9,244.40",4.60K,-0.95%
28/01/2020,"9,393.70","8,912.10","9,413.00","8,912.10",9.12K,5.41%
27/01/2020,"8,912.00","8,622.00","9,001.80","8,585.20",6.28K,3.37%
26/01/2020,"8,621.60","8,351.10","8,622.00","8,303.60",3.52K,3.21%
25/01/2020,"8,353.70","8,447.10","8,447.20","8,280.00",2.10K,-1.11%
24/01/2020,"8,447.10","8,403.60","8,521.80","8,247.70",3.51K,0.52%
23/01/2020,"8,403.50","8,668.90","8,669.30","8,296.90",5.70K,-3.01%
22/01/2020,"8,663.90","8,734.20","8,799.90","8,580.60",2.35K,-0.80%
21/01/2020,"8,734.10","8,638.20","8,782.80","8,512.20",3.25K,1.11%
20/01/2020,"8,638.20","8,698.60","8,741.10","8,519.60",4.11K,-0.64%
19/01/2020,"8,694.00","8,891.60","9,169.50","8,455.70",12.41K,-2.22%
18/01/2020,"8,891.50","8,873.10","8,965.00","8,794.20",3.46K,0.18%
17/01/2020,"8,875.40","8,719.50","8,994.90","8,674.20",9.69K,1.78%
16/01/2020,"8,720.60","8,810.90","8,839.90","8,579.80",5.31K,-0.99%
15/01/2020,"8,807.70","8,760.80","8,873.00","8,560.20",8.78K,0.37%
14/01/2020,"8,775.60","8,104.10","8,829.00","8,099.30",16.57K,8.41%
13/01/2020,"8,094.50","8,174.90","8,198.30","8,053.60",2.59K,-0.98%
01/12/2020,"8,174.70","8,013.60","8,174.70","7,951.70",3.21K,2.01%
01/11/2020,"8,013.80","8,184.30","8,271.90","7,994.60",4.25K,-1.99%
01/10/2020,"8,176.30","7,817.40","8,177.80","7,678.50",7.86K,4.59%
01/09/2020,"7,817.50","8,036.80","8,036.80","7,756.20",4.67K,-2.73%
01/08/2020,"8,036.80","8,158.20","8,442.00","7,882.80",11.76K,-1.39%
01/07/2020,"8,150.00","7,759.50","8,200.10","7,741.90",12.35K,5.05%
01/06/2020,"7,757.90","7,364.70","7,784.90","7,358.00",8.54K,5.34%
01/05/2020,"7,364.60","7,370.30","7,509.90","7,315.80",4.45K,-0.07%
01/04/2020,"7,369.80","7,371.80","7,422.00","7,297.70",4.27K,0.03%
01/03/2020,"7,367.50","6,989.40","7,437.60","6,909.30",6.68K,5.41%
01/02/2020,"6,989.40","7,212.70","7,225.20","6,963.00",4.85K,-3.10%
01/01/2020,"7,212.70","7,208.20","7,268.80","7,185.40",2.07K,0.06%
